EAD_MATRIX_ID;SCENARIO_ID;TERM;EAD_RA_RATE
BCEF_MORTGAGE_Q;C;0;0,993416733
BCEF_MORTGAGE_Q;C;0,25;0,980642501
BCEF_MORTGAGE_Q;C;0,5;0,968016941
BCEF_MORTGAGE_Q;C;0,75;0,955056387
BCEF_MORTGAGE_Q;C;1;0,941929681
BCEF_MORTGAGE_Q;C;1,25;0,928848336
BCEF_MORTGAGE_Q;C;1,5;0,916012977
BCEF_MORTGAGE_Q;C;1,75;0,90345674
BCEF_MORTGAGE_Q;C;2;0,891062968
BCEF_MORTGAGE_Q;C;2,25;0,878843107
BCEF_MORTGAGE_Q;C;2,5;0,866903136
BCEF_MORTGAGE_Q;C;2,75;0,855231891
BCEF_MORTGAGE_Q;C;3;0,843872481
BCEF_MORTGAGE_Q;C;3,25;0,832948756
BCEF_MORTGAGE_Q;C;3,5;0,822276648
BCEF_MORTGAGE_Q;C;3,75;0,811813264
BCEF_MORTGAGE_Q;C;4;0,801770203
BCEF_MORTGAGE_Q;C;4,25;0,792089498
BCEF_MORTGAGE_Q;C;4,5;0,782708448
BCEF_MORTGAGE_Q;C;4,75;0,773586112
BCEF_MORTGAGE_Q;C;5;0,764739205
BCEF_MORTGAGE_Q;C;5,25;0,756170949
BCEF_MORTGAGE_Q;C;5,5;0,747860983
BCEF_MORTGAGE_Q;C;5,75;0,739751858
BCEF_MORTGAGE_Q;C;6;0,731798037
BCEF_MORTGAGE_Q;C;6,25;0,724020745
BCEF_MORTGAGE_Q;C;6,5;0,716357237
BCEF_MORTGAGE_Q;C;6,75;0,708817733
BCEF_MORTGAGE_Q;C;7;0,701471636
BCEF_MORTGAGE_Q;C;7,25;0,694329247
BCEF_MORTGAGE_Q;C;7,5;0,687415533
BCEF_MORTGAGE_Q;C;7,75;0,680725601
BCEF_MORTGAGE_Q;C;8;0,674260001
BCEF_MORTGAGE_Q;C;8,25;0,667996209
BCEF_MORTGAGE_Q;C;8,5;0,661914305
BCEF_MORTGAGE_Q;C;8,75;0,655983422
BCEF_MORTGAGE_Q;C;9;0,650162421
BCEF_MORTGAGE_Q;C;9,25;0,644445654
BCEF_MORTGAGE_Q;C;9,5;0,638854558
BCEF_MORTGAGE_Q;C;9,75;0,63339221
BCEF_MORTGAGE_Q;C;10;0,62805775
BCEF_MORTGAGE_Q;C;10,25;0,622840724
BCEF_MORTGAGE_Q;C;10,5;0,617719318
BCEF_MORTGAGE_Q;C;10,75;0,612690766
BCEF_MORTGAGE_Q;C;11;0,607739023
BCEF_MORTGAGE_Q;C;11,25;0,60285038
BCEF_MORTGAGE_Q;C;11,5;0,598038855
BCEF_MORTGAGE_Q;C;11,75;0,59332154
BCEF_MORTGAGE_Q;C;12;0,588702198
BCEF_MORTGAGE_Q;C;12,25;0,58419105
BCEF_MORTGAGE_Q;C;12,5;0,579788674
BCEF_MORTGAGE_Q;C;12,75;0,575474853
BCEF_MORTGAGE_Q;C;13;0,571251906
BCEF_MORTGAGE_Q;C;13,25;0,567122972
BCEF_MORTGAGE_Q;C;13,5;0,563089732
BCEF_MORTGAGE_Q;C;13,75;0,559151659
BCEF_MORTGAGE_Q;C;14;0,555301304
BCEF_MORTGAGE_Q;C;14,25;0,551539605
BCEF_MORTGAGE_Q;C;14,5;0,547844013
BCEF_MORTGAGE_Q;C;14,75;0,544207225
BCEF_MORTGAGE_Q;C;15;0,540636216
BCEF_MORTGAGE_Q;C;15,25;0,537133972
BCEF_MORTGAGE_Q;C;15,5;0,533688096
BCEF_MORTGAGE_Q;C;15,75;0,53030858
BCEF_MORTGAGE_Q;C;16;0,526998787
BCEF_MORTGAGE_Q;C;16,25;0,523759892
BCEF_MORTGAGE_Q;C;16,5;0,5205831
BCEF_MORTGAGE_Q;C;16,75;0,517460771
BCEF_MORTGAGE_Q;C;17;0,514395104
BCEF_MORTGAGE_Q;C;17,25;0,511365963
BCEF_MORTGAGE_Q;C;17,5;0,508371522
BCEF_MORTGAGE_Q;C;17,75;0,505433454
BCEF_MORTGAGE_Q;C;18;0,502571
BCEF_MORTGAGE_Q;C;18,25;0,49976546
BCEF_MORTGAGE_Q;C;18,5;0,497003557
BCEF_MORTGAGE_Q;C;18,75;0,494280395
BCEF_MORTGAGE_Q;C;19;0,4915876
BCEF_MORTGAGE_Q;C;19,25;0,488933126
BCEF_MORTGAGE_Q;C;19,5;0,486322923
BCEF_MORTGAGE_Q;C;19,75;0,48374981
BCEF_MORTGAGE_Q;C;20;0,481215557
BCEF_MORTGAGE_Q;C;20,25;0,478715103
BCEF_MORTGAGE_Q;C;20,5;0,476248559
BCEF_MORTGAGE_Q;C;20,75;0,47382493
BCEF_MORTGAGE_Q;C;21;0,471443686
BCEF_MORTGAGE_Q;C;21,25;0,469114126
BCEF_MORTGAGE_Q;C;21,5;0,46687609
BCEF_MORTGAGE_Q;C;21,75;0,46687609
BCEF_MORTGAGE_Q;C;22;0,46687609
BCEF_MORTGAGE_Q;C;22,25;0,46687609
BCEF_MORTGAGE_Q;C;22,5;0,46687609
BCEF_MORTGAGE_Q;C;22,75;0,46687609
BCEF_MORTGAGE_Q;C;23;0,46687609
BCEF_MORTGAGE_Q;C;23,25;0,46687609
BCEF_MORTGAGE_Q;C;23,5;0,46687609
BCEF_MORTGAGE_Q;C;23,75;0,46687609
BCEF_MORTGAGE_Q;C;24;0,46687609
BCEF_MORTGAGE_Q;C;24,25;0,46687609
BCEF_MORTGAGE_Q;C;24,5;0,46687609
BCEF_MORTGAGE_Q;C;24,75;0,46687609
BCEF_MORTGAGE_Q;C;25;0,46687609
BCEF_MORTGAGE_Q;C;25,25;0,46687609
BCEF_MORTGAGE_Q;C;25,5;0,46687609
BCEF_MORTGAGE_Q;C;25,75;0,46687609
BCEF_MORTGAGE_Q;C;26;0,46687609
BCEF_MORTGAGE_Q;C;26,25;0,46687609
BCEF_MORTGAGE_Q;C;26,5;0,46687609
BCEF_MORTGAGE_Q;C;26,75;0,46687609
BCEF_MORTGAGE_Q;C;27;0,46687609
BCEF_MORTGAGE_Q;C;27,25;0,46687609
BCEF_MORTGAGE_Q;C;27,5;0,46687609
BCEF_MORTGAGE_Q;C;27,75;0,46687609
BCEF_MORTGAGE_Q;C;28;0,46687609
BCEF_MORTGAGE_Q;C;28,25;0,46687609
BCEF_MORTGAGE_Q;C;28,5;0,46687609
BCEF_MORTGAGE_Q;C;28,75;0,46687609
BCEF_MORTGAGE_Q;C;29;0,46687609
BCEF_MORTGAGE_Q;C;29,25;0,46687609
BCEF_MORTGAGE_Q;C;29,5;0,46687609
BCEF_MORTGAGE_Q;C;29,75;0,46687609
BCEF_MORTGAGE_Q;C;30;0,46687609
BCEF_MORTGAGE_Q;C;30,25;0,46687609
BCEF_MORTGAGE_Q;C;30,5;0,46687609
BCEF_MORTGAGE_Q;C;30,75;0,46687609
BCEF_MORTGAGE_Q;C;31;0,46687609
BCEF_MORTGAGE_Q;C;31,25;0,46687609
BCEF_MORTGAGE_Q;C;31,5;0,46687609
BCEF_MORTGAGE_Q;C;31,75;0,46687609
BCEF_MORTGAGE_Q;C;32;0,46687609
BCEF_MORTGAGE_Q;C;32,25;0,46687609
BCEF_MORTGAGE_Q;C;32,5;0,46687609
BCEF_MORTGAGE_Q;C;32,75;0,46687609
BCEF_MORTGAGE_Q;C;33;0,46687609
BCEF_MORTGAGE_Q;C;33,25;0,46687609
BCEF_MORTGAGE_Q;C;33,5;0,46687609
BCEF_MORTGAGE_Q;C;33,75;0,46687609
BCEF_MORTGAGE_Q;C;34;0,46687609
BCEF_MORTGAGE_Q;C;34,25;0,46687609
BCEF_MORTGAGE_Q;C;34,5;0,46687609
BCEF_MORTGAGE_Q;C;34,75;0,46687609
BCEF_MORTGAGE_Q;C;35;0,46687609
BCEF_MORTGAGE_Q;C;35,25;0,46687609
BCEF_MORTGAGE_Q;C;35,5;0,46687609
BCEF_MORTGAGE_Q;C;35,75;0,46687609
BCEF_MORTGAGE_Q;C;36;0,46687609
BCEF_MORTGAGE_Q;C;36,25;0,46687609
BCEF_MORTGAGE_Q;C;36,5;0,46687609
BCEF_MORTGAGE_Q;C;36,75;0,46687609
BCEF_MORTGAGE_Q;C;37;0,46687609
BCEF_MORTGAGE_Q;C;37,25;0,46687609
BCEF_MORTGAGE_Q;C;37,5;0,46687609
BCEF_MORTGAGE_Q;C;37,75;0,46687609
BCEF_MORTGAGE_Q;C;38;0,46687609
BCEF_MORTGAGE_Q;C;38,25;0,46687609
BCEF_MORTGAGE_Q;C;38,5;0,46687609
BCEF_MORTGAGE_Q;C;38,75;0,46687609
BCEF_MORTGAGE_Q;C;39;0,46687609
BCEF_MORTGAGE_Q;C;39,25;0,46687609
BCEF_MORTGAGE_Q;C;39,5;0,46687609
BCEF_MORTGAGE_Q;C;39,75;0,46687609
BCEF_MORTGAGE_Q;C;40;0,46687609
BCEF_MORTGAGE_Q;C;40,25;0,46687609
BCEF_MORTGAGE_Q;C;40,5;0,46687609
BCEF_MORTGAGE_Q;C;40,75;0,46687609
BCEF_MORTGAGE_Q;C;41;0,46687609
BCEF_MORTGAGE_Q;C;41,25;0,46687609
BCEF_MORTGAGE_Q;C;41,5;0,46687609
BCEF_MORTGAGE_Q;C;41,75;0,46687609
BCEF_MORTGAGE_Q;C;42;0,46687609
BCEF_MORTGAGE_Q;C;42,25;0,46687609
BCEF_MORTGAGE_Q;C;42,5;0,46687609
BCEF_MORTGAGE_Q;C;42,75;0,46687609
BCEF_MORTGAGE_Q;C;43;0,46687609
BCEF_MORTGAGE_Q;C;43,25;0,46687609
BCEF_MORTGAGE_Q;C;43,5;0,46687609
BCEF_MORTGAGE_Q;C;43,75;0,46687609
BCEF_MORTGAGE_Q;C;44;0,46687609
BCEF_MORTGAGE_Q;C;44,25;0,46687609
BCEF_MORTGAGE_Q;C;44,5;0,46687609
BCEF_MORTGAGE_Q;C;44,75;0,46687609
BCEF_MORTGAGE_Q;C;45;0,46687609
BCEF_MORTGAGE_Q;C;45,25;0,46687609
BCEF_MORTGAGE_Q;C;45,5;0,46687609
BCEF_MORTGAGE_Q;C;45,75;0,46687609
BCEF_MORTGAGE_Q;C;46;0,46687609
BCEF_MORTGAGE_Q;C;46,25;0,46687609
BCEF_MORTGAGE_Q;C;46,5;0,46687609
BCEF_MORTGAGE_Q;C;46,75;0,46687609
BCEF_MORTGAGE_Q;C;47;0,46687609
BCEF_MORTGAGE_Q;C;47,25;0,46687609
BCEF_MORTGAGE_Q;C;47,5;0,46687609
BCEF_MORTGAGE_Q;C;47,75;0,46687609
BCEF_MORTGAGE_Q;C;48;0,46687609
BCEF_MORTGAGE_Q;C;48,25;0,46687609
BCEF_MORTGAGE_Q;C;48,5;0,46687609
BCEF_MORTGAGE_Q;C;48,75;0,46687609
BCEF_MORTGAGE_Q;C;49;0,46687609
BCEF_MORTGAGE_Q;C;49,25;0,46687609
BCEF_MORTGAGE_Q;C;49,5;0,46687609
BCEF_MORTGAGE_Q;C;49,75;0,46687609
BCEF_MORTGAGE_Q;C;50;0,46687609
BCEF_MORTGAGE_Q;C;50,25;0,46687609
BCEF_MORTGAGE_Q;C;100;0,46687609
BCEF_MORTGAGE_Q;O;0;0,993416733
BCEF_MORTGAGE_Q;O;0,25;0,980647784
BCEF_MORTGAGE_Q;O;0,5;0,968085075
BCEF_MORTGAGE_Q;O;0,75;0,955350596
BCEF_MORTGAGE_Q;O;1;0,942653725
BCEF_MORTGAGE_Q;O;1,25;0,930141065
BCEF_MORTGAGE_Q;O;1,5;0,917915313
BCEF_MORTGAGE_Q;O;1,75;0,90599092
BCEF_MORTGAGE_Q;O;2;0,894246071
BCEF_MORTGAGE_Q;O;2,25;0,882640599
BCEF_MORTGAGE_Q;O;2,5;0,871242804
BCEF_MORTGAGE_Q;O;2,75;0,860046027
BCEF_MORTGAGE_Q;O;3;0,849075787
BCEF_MORTGAGE_Q;O;3,25;0,838084707
BCEF_MORTGAGE_Q;O;3,5;0,827346795
BCEF_MORTGAGE_Q;O;3,75;0,816818893
BCEF_MORTGAGE_Q;O;4;0,806713908
BCEF_MORTGAGE_Q;O;4,25;0,796973511
BCEF_MORTGAGE_Q;O;4,5;0,787534618
BCEF_MORTGAGE_Q;O;4,75;0,778356034
BCEF_MORTGAGE_Q;O;5;0,769454577
BCEF_MORTGAGE_Q;O;5,25;0,760833489
BCEF_MORTGAGE_Q;O;5,5;0,752472284
BCEF_MORTGAGE_Q;O;5,75;0,744313158
BCEF_MORTGAGE_Q;O;6;0,736310294
BCEF_MORTGAGE_Q;O;6,25;0,728485048
BCEF_MORTGAGE_Q;O;6,5;0,720774286
BCEF_MORTGAGE_Q;O;6,75;0,713188294
BCEF_MORTGAGE_Q;O;7;0,705796901
BCEF_MORTGAGE_Q;O;7,25;0,698610472
BCEF_MORTGAGE_Q;O;7,5;0,691654128
BCEF_MORTGAGE_Q;O;7,75;0,684922946
BCEF_MORTGAGE_Q;O;8;0,67841748
BCEF_MORTGAGE_Q;O;8,25;0,672115065
BCEF_MORTGAGE_Q;O;8,5;0,66599566
BCEF_MORTGAGE_Q;O;8,75;0,660028207
BCEF_MORTGAGE_Q;O;9;0,654171314
BCEF_MORTGAGE_Q;O;9,25;0,648419298
BCEF_MORTGAGE_Q;O;9,5;0,642793726
BCEF_MORTGAGE_Q;O;9,75;0,637297697
BCEF_MORTGAGE_Q;O;10;0,631930345
BCEF_MORTGAGE_Q;O;10,25;0,626681152
BCEF_MORTGAGE_Q;O;10,5;0,621528167
BCEF_MORTGAGE_Q;O;10,75;0,616468609
BCEF_MORTGAGE_Q;O;11;0,611486334
BCEF_MORTGAGE_Q;O;11,25;0,606567547
BCEF_MORTGAGE_Q;O;11,5;0,601726354
BCEF_MORTGAGE_Q;O;11,75;0,596979952
BCEF_MORTGAGE_Q;O;12;0,592332128
BCEF_MORTGAGE_Q;O;12,25;0,587793164
BCEF_MORTGAGE_Q;O;12,5;0,583363643
BCEF_MORTGAGE_Q;O;12,75;0,579023223
BCEF_MORTGAGE_Q;O;13;0,574774238
BCEF_MORTGAGE_Q;O;13,25;0,570619844
BCEF_MORTGAGE_Q;O;13,5;0,566561736
BCEF_MORTGAGE_Q;O;13,75;0,562599381
BCEF_MORTGAGE_Q;O;14;0,558725284
BCEF_MORTGAGE_Q;O;14,25;0,554940391
BCEF_MORTGAGE_Q;O;14,5;0,551222012
BCEF_MORTGAGE_Q;O;14,75;0,5475628
BCEF_MORTGAGE_Q;O;15;0,543969771
BCEF_MORTGAGE_Q;O;15,25;0,540445933
BCEF_MORTGAGE_Q;O;15,5;0,53697881
BCEF_MORTGAGE_Q;O;15,75;0,533578455
BCEF_MORTGAGE_Q;O;16;0,530248255
BCEF_MORTGAGE_Q;O;16,25;0,526989388
BCEF_MORTGAGE_Q;O;16,5;0,523793008
BCEF_MORTGAGE_Q;O;16,75;0,520651427
BCEF_MORTGAGE_Q;O;17;0,517566857
BCEF_MORTGAGE_Q;O;17,25;0,514519039
BCEF_MORTGAGE_Q;O;17,5;0,511506135
BCEF_MORTGAGE_Q;O;17,75;0,50854995
BCEF_MORTGAGE_Q;O;18;0,505669846
BCEF_MORTGAGE_Q;O;18,25;0,502847007
BCEF_MORTGAGE_Q;O;18,5;0,500068075
BCEF_MORTGAGE_Q;O;18,75;0,497328121
BCEF_MORTGAGE_Q;O;19;0,494618723
BCEF_MORTGAGE_Q;O;19,25;0,491947881
BCEF_MORTGAGE_Q;O;19,5;0,489321583
BCEF_MORTGAGE_Q;O;19,75;0,486732605
BCEF_MORTGAGE_Q;O;20;0,484182726
BCEF_MORTGAGE_Q;O;20,25;0,481666854
BCEF_MORTGAGE_Q;O;20,5;0,479185101
BCEF_MORTGAGE_Q;O;20,75;0,476746528
BCEF_MORTGAGE_Q;O;21;0,474350601
BCEF_MORTGAGE_Q;O;21,25;0,472006678
BCEF_MORTGAGE_Q;O;21,5;0,469754842
BCEF_MORTGAGE_Q;O;21,75;0,469754842
BCEF_MORTGAGE_Q;O;22;0,469754842
BCEF_MORTGAGE_Q;O;22,25;0,469754842
BCEF_MORTGAGE_Q;O;22,5;0,469754842
BCEF_MORTGAGE_Q;O;22,75;0,469754842
BCEF_MORTGAGE_Q;O;23;0,469754842
BCEF_MORTGAGE_Q;O;23,25;0,469754842
BCEF_MORTGAGE_Q;O;23,5;0,469754842
BCEF_MORTGAGE_Q;O;23,75;0,469754842
BCEF_MORTGAGE_Q;O;24;0,469754842
BCEF_MORTGAGE_Q;O;24,25;0,469754842
BCEF_MORTGAGE_Q;O;24,5;0,469754842
BCEF_MORTGAGE_Q;O;24,75;0,469754842
BCEF_MORTGAGE_Q;O;25;0,469754842
BCEF_MORTGAGE_Q;O;25,25;0,469754842
BCEF_MORTGAGE_Q;O;25,5;0,469754842
BCEF_MORTGAGE_Q;O;25,75;0,469754842
BCEF_MORTGAGE_Q;O;26;0,469754842
BCEF_MORTGAGE_Q;O;26,25;0,469754842
BCEF_MORTGAGE_Q;O;26,5;0,469754842
BCEF_MORTGAGE_Q;O;26,75;0,469754842
BCEF_MORTGAGE_Q;O;27;0,469754842
BCEF_MORTGAGE_Q;O;27,25;0,469754842
BCEF_MORTGAGE_Q;O;27,5;0,469754842
BCEF_MORTGAGE_Q;O;27,75;0,469754842
BCEF_MORTGAGE_Q;O;28;0,469754842
BCEF_MORTGAGE_Q;O;28,25;0,469754842
BCEF_MORTGAGE_Q;O;28,5;0,469754842
BCEF_MORTGAGE_Q;O;28,75;0,469754842
BCEF_MORTGAGE_Q;O;29;0,469754842
BCEF_MORTGAGE_Q;O;29,25;0,469754842
BCEF_MORTGAGE_Q;O;29,5;0,469754842
BCEF_MORTGAGE_Q;O;29,75;0,469754842
BCEF_MORTGAGE_Q;O;30;0,469754842
BCEF_MORTGAGE_Q;O;30,25;0,469754842
BCEF_MORTGAGE_Q;O;30,5;0,469754842
BCEF_MORTGAGE_Q;O;30,75;0,469754842
BCEF_MORTGAGE_Q;O;31;0,469754842
BCEF_MORTGAGE_Q;O;31,25;0,469754842
BCEF_MORTGAGE_Q;O;31,5;0,469754842
BCEF_MORTGAGE_Q;O;31,75;0,469754842
BCEF_MORTGAGE_Q;O;32;0,469754842
BCEF_MORTGAGE_Q;O;32,25;0,469754842
BCEF_MORTGAGE_Q;O;32,5;0,469754842
BCEF_MORTGAGE_Q;O;32,75;0,469754842
BCEF_MORTGAGE_Q;O;33;0,469754842
BCEF_MORTGAGE_Q;O;33,25;0,469754842
BCEF_MORTGAGE_Q;O;33,5;0,469754842
BCEF_MORTGAGE_Q;O;33,75;0,469754842
BCEF_MORTGAGE_Q;O;34;0,469754842
BCEF_MORTGAGE_Q;O;34,25;0,469754842
BCEF_MORTGAGE_Q;O;34,5;0,469754842
BCEF_MORTGAGE_Q;O;34,75;0,469754842
BCEF_MORTGAGE_Q;O;35;0,469754842
BCEF_MORTGAGE_Q;O;35,25;0,469754842
BCEF_MORTGAGE_Q;O;35,5;0,469754842
BCEF_MORTGAGE_Q;O;35,75;0,469754842
BCEF_MORTGAGE_Q;O;36;0,469754842
BCEF_MORTGAGE_Q;O;36,25;0,469754842
BCEF_MORTGAGE_Q;O;36,5;0,469754842
BCEF_MORTGAGE_Q;O;36,75;0,469754842
BCEF_MORTGAGE_Q;O;37;0,469754842
BCEF_MORTGAGE_Q;O;37,25;0,469754842
BCEF_MORTGAGE_Q;O;37,5;0,469754842
BCEF_MORTGAGE_Q;O;37,75;0,469754842
BCEF_MORTGAGE_Q;O;38;0,469754842
BCEF_MORTGAGE_Q;O;38,25;0,469754842
BCEF_MORTGAGE_Q;O;38,5;0,469754842
BCEF_MORTGAGE_Q;O;38,75;0,469754842
BCEF_MORTGAGE_Q;O;39;0,469754842
BCEF_MORTGAGE_Q;O;39,25;0,469754842
BCEF_MORTGAGE_Q;O;39,5;0,469754842
BCEF_MORTGAGE_Q;O;39,75;0,469754842
BCEF_MORTGAGE_Q;O;40;0,469754842
BCEF_MORTGAGE_Q;O;40,25;0,469754842
BCEF_MORTGAGE_Q;O;40,5;0,469754842
BCEF_MORTGAGE_Q;O;40,75;0,469754842
BCEF_MORTGAGE_Q;O;41;0,469754842
BCEF_MORTGAGE_Q;O;41,25;0,469754842
BCEF_MORTGAGE_Q;O;41,5;0,469754842
BCEF_MORTGAGE_Q;O;41,75;0,469754842
BCEF_MORTGAGE_Q;O;42;0,469754842
BCEF_MORTGAGE_Q;O;42,25;0,469754842
BCEF_MORTGAGE_Q;O;42,5;0,469754842
BCEF_MORTGAGE_Q;O;42,75;0,469754842
BCEF_MORTGAGE_Q;O;43;0,469754842
BCEF_MORTGAGE_Q;O;43,25;0,469754842
BCEF_MORTGAGE_Q;O;43,5;0,469754842
BCEF_MORTGAGE_Q;O;43,75;0,469754842
BCEF_MORTGAGE_Q;O;44;0,469754842
BCEF_MORTGAGE_Q;O;44,25;0,469754842
BCEF_MORTGAGE_Q;O;44,5;0,469754842
BCEF_MORTGAGE_Q;O;44,75;0,469754842
BCEF_MORTGAGE_Q;O;45;0,469754842
BCEF_MORTGAGE_Q;O;45,25;0,469754842
BCEF_MORTGAGE_Q;O;45,5;0,469754842
BCEF_MORTGAGE_Q;O;45,75;0,469754842
BCEF_MORTGAGE_Q;O;46;0,469754842
BCEF_MORTGAGE_Q;O;46,25;0,469754842
BCEF_MORTGAGE_Q;O;46,5;0,469754842
BCEF_MORTGAGE_Q;O;46,75;0,469754842
BCEF_MORTGAGE_Q;O;47;0,469754842
BCEF_MORTGAGE_Q;O;47,25;0,469754842
BCEF_MORTGAGE_Q;O;47,5;0,469754842
BCEF_MORTGAGE_Q;O;47,75;0,469754842
BCEF_MORTGAGE_Q;O;48;0,469754842
BCEF_MORTGAGE_Q;O;48,25;0,469754842
BCEF_MORTGAGE_Q;O;48,5;0,469754842
BCEF_MORTGAGE_Q;O;48,75;0,469754842
BCEF_MORTGAGE_Q;O;49;0,469754842
BCEF_MORTGAGE_Q;O;49,25;0,469754842
BCEF_MORTGAGE_Q;O;49,5;0,469754842
BCEF_MORTGAGE_Q;O;49,75;0,469754842
BCEF_MORTGAGE_Q;O;50;0,469754842
BCEF_MORTGAGE_Q;O;50,25;0,469754842
BCEF_MORTGAGE_Q;O;100;0,469754842
BCEF_MORTGAGE_Q;A;0;0,993416733
BCEF_MORTGAGE_Q;A;0,25;0,980668644
BCEF_MORTGAGE_Q;A;0,5;0,967785602
BCEF_MORTGAGE_Q;A;0,75;0,952002615
BCEF_MORTGAGE_Q;A;1;0,935145851
BCEF_MORTGAGE_Q;A;1,25;0,918521485
BCEF_MORTGAGE_Q;A;1,5;0,902823722
BCEF_MORTGAGE_Q;A;1,75;0,888007367
BCEF_MORTGAGE_Q;A;2;0,873677226
BCEF_MORTGAGE_Q;A;2,25;0,859893862
BCEF_MORTGAGE_Q;A;2,5;0,846839232
BCEF_MORTGAGE_Q;A;2,75;0,834415345
BCEF_MORTGAGE_Q;A;3;0,822585498
BCEF_MORTGAGE_Q;A;3,25;0,811937328
BCEF_MORTGAGE_Q;A;3,5;0,801534428
BCEF_MORTGAGE_Q;A;3,75;0,791334986
BCEF_MORTGAGE_Q;A;4;0,781545265
BCEF_MORTGAGE_Q;A;4,25;0,772108759
BCEF_MORTGAGE_Q;A;4,5;0,76296435
BCEF_MORTGAGE_Q;A;4,75;0,754072128
BCEF_MORTGAGE_Q;A;5;0,745448387
BCEF_MORTGAGE_Q;A;5,25;0,737096269
BCEF_MORTGAGE_Q;A;5,5;0,728995924
BCEF_MORTGAGE_Q;A;5,75;0,721091355
BCEF_MORTGAGE_Q;A;6;0,713338172
BCEF_MORTGAGE_Q;A;6,25;0,705757065
BCEF_MORTGAGE_Q;A;6,5;0,698286872
BCEF_MORTGAGE_Q;A;6,75;0,690937554
BCEF_MORTGAGE_Q;A;7;0,683776765
BCEF_MORTGAGE_Q;A;7,25;0,676814545
BCEF_MORTGAGE_Q;A;7,5;0,670075232
BCEF_MORTGAGE_Q;A;7,75;0,663554056
BCEF_MORTGAGE_Q;A;8;0,657251553
BCEF_MORTGAGE_Q;A;8,25;0,651145767
BCEF_MORTGAGE_Q;A;8,5;0,645217282
BCEF_MORTGAGE_Q;A;8,75;0,639436007
BCEF_MORTGAGE_Q;A;9;0,633761843
BCEF_MORTGAGE_Q;A;9,25;0,628189284
BCEF_MORTGAGE_Q;A;9,5;0,622739225
BCEF_MORTGAGE_Q;A;9,75;0,617414666
BCEF_MORTGAGE_Q;A;10;0,61221477
BCEF_MORTGAGE_Q;A;10,25;0,607129346
BCEF_MORTGAGE_Q;A;10,5;0,602137129
BCEF_MORTGAGE_Q;A;10,75;0,597235424
BCEF_MORTGAGE_Q;A;11;0,592408591
BCEF_MORTGAGE_Q;A;11,25;0,587643265
BCEF_MORTGAGE_Q;A;11,5;0,582953112
BCEF_MORTGAGE_Q;A;11,75;0,578354793
BCEF_MORTGAGE_Q;A;12;0,573851976
BCEF_MORTGAGE_Q;A;12,25;0,569454623
BCEF_MORTGAGE_Q;A;12,5;0,565163298
BCEF_MORTGAGE_Q;A;12,75;0,560958295
BCEF_MORTGAGE_Q;A;13;0,556841874
BCEF_MORTGAGE_Q;A;13,25;0,552817093
BCEF_MORTGAGE_Q;A;13,5;0,548885593
BCEF_MORTGAGE_Q;A;13,75;0,54504686
BCEF_MORTGAGE_Q;A;14;0,541293631
BCEF_MORTGAGE_Q;A;14,25;0,537626823
BCEF_MORTGAGE_Q;A;14,5;0,534024453
BCEF_MORTGAGE_Q;A;14,75;0,530479405
BCEF_MORTGAGE_Q;A;15;0,526998475
BCEF_MORTGAGE_Q;A;15,25;0,523584577
BCEF_MORTGAGE_Q;A;15,5;0,520225625
BCEF_MORTGAGE_Q;A;15,75;0,516931358
BCEF_MORTGAGE_Q;A;16;0,513705056
BCEF_MORTGAGE_Q;A;16,25;0,510547863
BCEF_MORTGAGE_Q;A;16,5;0,507451206
BCEF_MORTGAGE_Q;A;16,75;0,504407639
BCEF_MORTGAGE_Q;A;17;0,501419305
BCEF_MORTGAGE_Q;A;17,25;0,498466575
BCEF_MORTGAGE_Q;A;17,5;0,49554767
BCEF_MORTGAGE_Q;A;17,75;0,492683716
BCEF_MORTGAGE_Q;A;18;0,489893468
BCEF_MORTGAGE_Q;A;18,25;0,487158698
BCEF_MORTGAGE_Q;A;18,5;0,484466466
BCEF_MORTGAGE_Q;A;18,75;0,481811997
BCEF_MORTGAGE_Q;A;19;0,479187129
BCEF_MORTGAGE_Q;A;19,25;0,476599615
BCEF_MORTGAGE_Q;A;19,5;0,474055254
BCEF_MORTGAGE_Q;A;19,75;0,471547049
BCEF_MORTGAGE_Q;A;20;0,469076724
BCEF_MORTGAGE_Q;A;20,25;0,466639344
BCEF_MORTGAGE_Q;A;20,5;0,46423502
BCEF_MORTGAGE_Q;A;20,75;0,461872528
BCEF_MORTGAGE_Q;A;21;0,459551351
BCEF_MORTGAGE_Q;A;21,25;0,457280556
BCEF_MORTGAGE_Q;A;21,5;0,455098975
BCEF_MORTGAGE_Q;A;21,75;0,455098975
BCEF_MORTGAGE_Q;A;22;0,455098975
BCEF_MORTGAGE_Q;A;22,25;0,455098975
BCEF_MORTGAGE_Q;A;22,5;0,455098975
BCEF_MORTGAGE_Q;A;22,75;0,455098975
BCEF_MORTGAGE_Q;A;23;0,455098975
BCEF_MORTGAGE_Q;A;23,25;0,455098975
BCEF_MORTGAGE_Q;A;23,5;0,455098975
BCEF_MORTGAGE_Q;A;23,75;0,455098975
BCEF_MORTGAGE_Q;A;24;0,455098975
BCEF_MORTGAGE_Q;A;24,25;0,455098975
BCEF_MORTGAGE_Q;A;24,5;0,455098975
BCEF_MORTGAGE_Q;A;24,75;0,455098975
BCEF_MORTGAGE_Q;A;25;0,455098975
BCEF_MORTGAGE_Q;A;25,25;0,455098975
BCEF_MORTGAGE_Q;A;25,5;0,455098975
BCEF_MORTGAGE_Q;A;25,75;0,455098975
BCEF_MORTGAGE_Q;A;26;0,455098975
BCEF_MORTGAGE_Q;A;26,25;0,455098975
BCEF_MORTGAGE_Q;A;26,5;0,455098975
BCEF_MORTGAGE_Q;A;26,75;0,455098975
BCEF_MORTGAGE_Q;A;27;0,455098975
BCEF_MORTGAGE_Q;A;27,25;0,455098975
BCEF_MORTGAGE_Q;A;27,5;0,455098975
BCEF_MORTGAGE_Q;A;27,75;0,455098975
BCEF_MORTGAGE_Q;A;28;0,455098975
BCEF_MORTGAGE_Q;A;28,25;0,455098975
BCEF_MORTGAGE_Q;A;28,5;0,455098975
BCEF_MORTGAGE_Q;A;28,75;0,455098975
BCEF_MORTGAGE_Q;A;29;0,455098975
BCEF_MORTGAGE_Q;A;29,25;0,455098975
BCEF_MORTGAGE_Q;A;29,5;0,455098975
BCEF_MORTGAGE_Q;A;29,75;0,455098975
BCEF_MORTGAGE_Q;A;30;0,455098975
BCEF_MORTGAGE_Q;A;30,25;0,455098975
BCEF_MORTGAGE_Q;A;30,5;0,455098975
BCEF_MORTGAGE_Q;A;30,75;0,455098975
BCEF_MORTGAGE_Q;A;31;0,455098975
BCEF_MORTGAGE_Q;A;31,25;0,455098975
BCEF_MORTGAGE_Q;A;31,5;0,455098975
BCEF_MORTGAGE_Q;A;31,75;0,455098975
BCEF_MORTGAGE_Q;A;32;0,455098975
BCEF_MORTGAGE_Q;A;32,25;0,455098975
BCEF_MORTGAGE_Q;A;32,5;0,455098975
BCEF_MORTGAGE_Q;A;32,75;0,455098975
BCEF_MORTGAGE_Q;A;33;0,455098975
BCEF_MORTGAGE_Q;A;33,25;0,455098975
BCEF_MORTGAGE_Q;A;33,5;0,455098975
BCEF_MORTGAGE_Q;A;33,75;0,455098975
BCEF_MORTGAGE_Q;A;34;0,455098975
BCEF_MORTGAGE_Q;A;34,25;0,455098975
BCEF_MORTGAGE_Q;A;34,5;0,455098975
BCEF_MORTGAGE_Q;A;34,75;0,455098975
BCEF_MORTGAGE_Q;A;35;0,455098975
BCEF_MORTGAGE_Q;A;35,25;0,455098975
BCEF_MORTGAGE_Q;A;35,5;0,455098975
BCEF_MORTGAGE_Q;A;35,75;0,455098975
BCEF_MORTGAGE_Q;A;36;0,455098975
BCEF_MORTGAGE_Q;A;36,25;0,455098975
BCEF_MORTGAGE_Q;A;36,5;0,455098975
BCEF_MORTGAGE_Q;A;36,75;0,455098975
BCEF_MORTGAGE_Q;A;37;0,455098975
BCEF_MORTGAGE_Q;A;37,25;0,455098975
BCEF_MORTGAGE_Q;A;37,5;0,455098975
BCEF_MORTGAGE_Q;A;37,75;0,455098975
BCEF_MORTGAGE_Q;A;38;0,455098975
BCEF_MORTGAGE_Q;A;38,25;0,455098975
BCEF_MORTGAGE_Q;A;38,5;0,455098975
BCEF_MORTGAGE_Q;A;38,75;0,455098975
BCEF_MORTGAGE_Q;A;39;0,455098975
BCEF_MORTGAGE_Q;A;39,25;0,455098975
BCEF_MORTGAGE_Q;A;39,5;0,455098975
BCEF_MORTGAGE_Q;A;39,75;0,455098975
BCEF_MORTGAGE_Q;A;40;0,455098975
BCEF_MORTGAGE_Q;A;40,25;0,455098975
BCEF_MORTGAGE_Q;A;40,5;0,455098975
BCEF_MORTGAGE_Q;A;40,75;0,455098975
BCEF_MORTGAGE_Q;A;41;0,455098975
BCEF_MORTGAGE_Q;A;41,25;0,455098975
BCEF_MORTGAGE_Q;A;41,5;0,455098975
BCEF_MORTGAGE_Q;A;41,75;0,455098975
BCEF_MORTGAGE_Q;A;42;0,455098975
BCEF_MORTGAGE_Q;A;42,25;0,455098975
BCEF_MORTGAGE_Q;A;42,5;0,455098975
BCEF_MORTGAGE_Q;A;42,75;0,455098975
BCEF_MORTGAGE_Q;A;43;0,455098975
BCEF_MORTGAGE_Q;A;43,25;0,455098975
BCEF_MORTGAGE_Q;A;43,5;0,455098975
BCEF_MORTGAGE_Q;A;43,75;0,455098975
BCEF_MORTGAGE_Q;A;44;0,455098975
BCEF_MORTGAGE_Q;A;44,25;0,455098975
BCEF_MORTGAGE_Q;A;44,5;0,455098975
BCEF_MORTGAGE_Q;A;44,75;0,455098975
BCEF_MORTGAGE_Q;A;45;0,455098975
BCEF_MORTGAGE_Q;A;45,25;0,455098975
BCEF_MORTGAGE_Q;A;45,5;0,455098975
BCEF_MORTGAGE_Q;A;45,75;0,455098975
BCEF_MORTGAGE_Q;A;46;0,455098975
BCEF_MORTGAGE_Q;A;46,25;0,455098975
BCEF_MORTGAGE_Q;A;46,5;0,455098975
BCEF_MORTGAGE_Q;A;46,75;0,455098975
BCEF_MORTGAGE_Q;A;47;0,455098975
BCEF_MORTGAGE_Q;A;47,25;0,455098975
BCEF_MORTGAGE_Q;A;47,5;0,455098975
BCEF_MORTGAGE_Q;A;47,75;0,455098975
BCEF_MORTGAGE_Q;A;48;0,455098975
BCEF_MORTGAGE_Q;A;48,25;0,455098975
BCEF_MORTGAGE_Q;A;48,5;0,455098975
BCEF_MORTGAGE_Q;A;48,75;0,455098975
BCEF_MORTGAGE_Q;A;49;0,455098975
BCEF_MORTGAGE_Q;A;49,25;0,455098975
BCEF_MORTGAGE_Q;A;49,5;0,455098975
BCEF_MORTGAGE_Q;A;49,75;0,455098975
BCEF_MORTGAGE_Q;A;50;0,455098975
BCEF_MORTGAGE_Q;A;50,25;0,455098975
BCEF_MORTGAGE_Q;A;100;0,455098975
BCEF_MORTGAGE_Q;E;0;0,993416733
BCEF_MORTGAGE_Q;E;0,25;0,980773215
BCEF_MORTGAGE_Q;E;0,5;0,969946183
BCEF_MORTGAGE_Q;E;0,75;0,957364346
BCEF_MORTGAGE_Q;E;1;0,942746967
BCEF_MORTGAGE_Q;E;1,25;0,927713026
BCEF_MORTGAGE_Q;E;1,5;0,913136147
BCEF_MORTGAGE_Q;E;1,75;0,899091045
BCEF_MORTGAGE_Q;E;2;0,885216452
BCEF_MORTGAGE_Q;E;2,25;0,871543158
BCEF_MORTGAGE_Q;E;2,5;0,858311672
BCEF_MORTGAGE_Q;E;2,75;0,845522023
BCEF_MORTGAGE_Q;E;3;0,83321603
BCEF_MORTGAGE_Q;E;3,25;0,82243025
BCEF_MORTGAGE_Q;E;3,5;0,81189291
BCEF_MORTGAGE_Q;E;3,75;0,801561657
BCEF_MORTGAGE_Q;E;4;0,791645421
BCEF_MORTGAGE_Q;E;4,25;0,782086964
BCEF_MORTGAGE_Q;E;4,5;0,772824379
BCEF_MORTGAGE_Q;E;4,75;0,76381724
BCEF_MORTGAGE_Q;E;5;0,755082052
BCEF_MORTGAGE_Q;E;5,25;0,746621996
BCEF_MORTGAGE_Q;E;5,5;0,738416969
BCEF_MORTGAGE_Q;E;5,75;0,730410246
BCEF_MORTGAGE_Q;E;6;0,722556866
BCEF_MORTGAGE_Q;E;6,25;0,714877786
BCEF_MORTGAGE_Q;E;6,5;0,707311053
BCEF_MORTGAGE_Q;E;6,75;0,699866758
BCEF_MORTGAGE_Q;E;7;0,692613428
BCEF_MORTGAGE_Q;E;7,25;0,685561233
BCEF_MORTGAGE_Q;E;7,5;0,678734825
BCEF_MORTGAGE_Q;E;7,75;0,672129374
BCEF_MORTGAGE_Q;E;8;0,665745423
BCEF_MORTGAGE_Q;E;8,25;0,65956073
BCEF_MORTGAGE_Q;E;8,5;0,653555629
BCEF_MORTGAGE_Q;E;8,75;0,647699641
BCEF_MORTGAGE_Q;E;9;0,641952147
BCEF_MORTGAGE_Q;E;9,25;0,636307572
BCEF_MORTGAGE_Q;E;9,5;0,63078708
BCEF_MORTGAGE_Q;E;9,75;0,625393711
BCEF_MORTGAGE_Q;E;10;0,620126614
BCEF_MORTGAGE_Q;E;10,25;0,61497547
BCEF_MORTGAGE_Q;E;10,5;0,609918737
BCEF_MORTGAGE_Q;E;10,75;0,604953686
BCEF_MORTGAGE_Q;E;11;0,600064474
BCEF_MORTGAGE_Q;E;11,25;0,595237564
BCEF_MORTGAGE_Q;E;11,5;0,590486799
BCEF_MORTGAGE_Q;E;11,75;0,585829055
BCEF_MORTGAGE_Q;E;12;0,581268046
BCEF_MORTGAGE_Q;E;12,25;0,576813865
BCEF_MORTGAGE_Q;E;12,5;0,572467082
BCEF_MORTGAGE_Q;E;12,75;0,568207737
BCEF_MORTGAGE_Q;E;13;0,564038117
BCEF_MORTGAGE_Q;E;13,25;0,559961323
BCEF_MORTGAGE_Q;E;13,5;0,555979015
BCEF_MORTGAGE_Q;E;13,75;0,552090672
BCEF_MORTGAGE_Q;E;14;0,54828894
BCEF_MORTGAGE_Q;E;14,25;0,544574744
BCEF_MORTGAGE_Q;E;14,5;0,54092582
BCEF_MORTGAGE_Q;E;14,75;0,537334957
BCEF_MORTGAGE_Q;E;15;0,533809043
BCEF_MORTGAGE_Q;E;15,25;0,530351026
BCEF_MORTGAGE_Q;E;15,5;0,526948664
BCEF_MORTGAGE_Q;E;15,75;0,523611825
BCEF_MORTGAGE_Q;E;16;0,520343828
BCEF_MORTGAGE_Q;E;16,25;0,517145834
BCEF_MORTGAGE_Q;E;16,5;0,514009159
BCEF_MORTGAGE_Q;E;16,75;0,510926258
BCEF_MORTGAGE_Q;E;17;0,507899305
BCEF_MORTGAGE_Q;E;17,25;0,504908416
BCEF_MORTGAGE_Q;E;17,5;0,501951789
BCEF_MORTGAGE_Q;E;17,75;0,499050823
BCEF_MORTGAGE_Q;E;18;0,496224516
BCEF_MORTGAGE_Q;E;18,25;0,493454404
BCEF_MORTGAGE_Q;E;18,5;0,490727379
BCEF_MORTGAGE_Q;E;18,75;0,488038605
BCEF_MORTGAGE_Q;E;19;0,485379815
BCEF_MORTGAGE_Q;E;19,25;0,482758862
BCEF_MORTGAGE_Q;E;19,5;0,48018162
BCEF_MORTGAGE_Q;E;19,75;0,477641001
BCEF_MORTGAGE_Q;E;20;0,47513875
BCEF_MORTGAGE_Q;E;20,25;0,472669872
BCEF_MORTGAGE_Q;E;20,5;0,470234475
BCEF_MORTGAGE_Q;E;20,75;0,467841453
BCEF_MORTGAGE_Q;E;21;0,465490278
BCEF_MORTGAGE_Q;E;21,25;0,463190137
BCEF_MORTGAGE_Q;E;21,5;0,460980362
BCEF_MORTGAGE_Q;E;21,75;0,460980362
BCEF_MORTGAGE_Q;E;22;0,460980362
BCEF_MORTGAGE_Q;E;22,25;0,460980362
BCEF_MORTGAGE_Q;E;22,5;0,460980362
BCEF_MORTGAGE_Q;E;22,75;0,460980362
BCEF_MORTGAGE_Q;E;23;0,460980362
BCEF_MORTGAGE_Q;E;23,25;0,460980362
BCEF_MORTGAGE_Q;E;23,5;0,460980362
BCEF_MORTGAGE_Q;E;23,75;0,460980362
BCEF_MORTGAGE_Q;E;24;0,460980362
BCEF_MORTGAGE_Q;E;24,25;0,460980362
BCEF_MORTGAGE_Q;E;24,5;0,460980362
BCEF_MORTGAGE_Q;E;24,75;0,460980362
BCEF_MORTGAGE_Q;E;25;0,460980362
BCEF_MORTGAGE_Q;E;25,25;0,460980362
BCEF_MORTGAGE_Q;E;25,5;0,460980362
BCEF_MORTGAGE_Q;E;25,75;0,460980362
BCEF_MORTGAGE_Q;E;26;0,460980362
BCEF_MORTGAGE_Q;E;26,25;0,460980362
BCEF_MORTGAGE_Q;E;26,5;0,460980362
BCEF_MORTGAGE_Q;E;26,75;0,460980362
BCEF_MORTGAGE_Q;E;27;0,460980362
BCEF_MORTGAGE_Q;E;27,25;0,460980362
BCEF_MORTGAGE_Q;E;27,5;0,460980362
BCEF_MORTGAGE_Q;E;27,75;0,460980362
BCEF_MORTGAGE_Q;E;28;0,460980362
BCEF_MORTGAGE_Q;E;28,25;0,460980362
BCEF_MORTGAGE_Q;E;28,5;0,460980362
BCEF_MORTGAGE_Q;E;28,75;0,460980362
BCEF_MORTGAGE_Q;E;29;0,460980362
BCEF_MORTGAGE_Q;E;29,25;0,460980362
BCEF_MORTGAGE_Q;E;29,5;0,460980362
BCEF_MORTGAGE_Q;E;29,75;0,460980362
BCEF_MORTGAGE_Q;E;30;0,460980362
BCEF_MORTGAGE_Q;E;30,25;0,460980362
BCEF_MORTGAGE_Q;E;30,5;0,460980362
BCEF_MORTGAGE_Q;E;30,75;0,460980362
BCEF_MORTGAGE_Q;E;31;0,460980362
BCEF_MORTGAGE_Q;E;31,25;0,460980362
BCEF_MORTGAGE_Q;E;31,5;0,460980362
BCEF_MORTGAGE_Q;E;31,75;0,460980362
BCEF_MORTGAGE_Q;E;32;0,460980362
BCEF_MORTGAGE_Q;E;32,25;0,460980362
BCEF_MORTGAGE_Q;E;32,5;0,460980362
BCEF_MORTGAGE_Q;E;32,75;0,460980362
BCEF_MORTGAGE_Q;E;33;0,460980362
BCEF_MORTGAGE_Q;E;33,25;0,460980362
BCEF_MORTGAGE_Q;E;33,5;0,460980362
BCEF_MORTGAGE_Q;E;33,75;0,460980362
BCEF_MORTGAGE_Q;E;34;0,460980362
BCEF_MORTGAGE_Q;E;34,25;0,460980362
BCEF_MORTGAGE_Q;E;34,5;0,460980362
BCEF_MORTGAGE_Q;E;34,75;0,460980362
BCEF_MORTGAGE_Q;E;35;0,460980362
BCEF_MORTGAGE_Q;E;35,25;0,460980362
BCEF_MORTGAGE_Q;E;35,5;0,460980362
BCEF_MORTGAGE_Q;E;35,75;0,460980362
BCEF_MORTGAGE_Q;E;36;0,460980362
BCEF_MORTGAGE_Q;E;36,25;0,460980362
BCEF_MORTGAGE_Q;E;36,5;0,460980362
BCEF_MORTGAGE_Q;E;36,75;0,460980362
BCEF_MORTGAGE_Q;E;37;0,460980362
BCEF_MORTGAGE_Q;E;37,25;0,460980362
BCEF_MORTGAGE_Q;E;37,5;0,460980362
BCEF_MORTGAGE_Q;E;37,75;0,460980362
BCEF_MORTGAGE_Q;E;38;0,460980362
BCEF_MORTGAGE_Q;E;38,25;0,460980362
BCEF_MORTGAGE_Q;E;38,5;0,460980362
BCEF_MORTGAGE_Q;E;38,75;0,460980362
BCEF_MORTGAGE_Q;E;39;0,460980362
BCEF_MORTGAGE_Q;E;39,25;0,460980362
BCEF_MORTGAGE_Q;E;39,5;0,460980362
BCEF_MORTGAGE_Q;E;39,75;0,460980362
BCEF_MORTGAGE_Q;E;40;0,460980362
BCEF_MORTGAGE_Q;E;40,25;0,460980362
BCEF_MORTGAGE_Q;E;40,5;0,460980362
BCEF_MORTGAGE_Q;E;40,75;0,460980362
BCEF_MORTGAGE_Q;E;41;0,460980362
BCEF_MORTGAGE_Q;E;41,25;0,460980362
BCEF_MORTGAGE_Q;E;41,5;0,460980362
BCEF_MORTGAGE_Q;E;41,75;0,460980362
BCEF_MORTGAGE_Q;E;42;0,460980362
BCEF_MORTGAGE_Q;E;42,25;0,460980362
BCEF_MORTGAGE_Q;E;42,5;0,460980362
BCEF_MORTGAGE_Q;E;42,75;0,460980362
BCEF_MORTGAGE_Q;E;43;0,460980362
BCEF_MORTGAGE_Q;E;43,25;0,460980362
BCEF_MORTGAGE_Q;E;43,5;0,460980362
BCEF_MORTGAGE_Q;E;43,75;0,460980362
BCEF_MORTGAGE_Q;E;44;0,460980362
BCEF_MORTGAGE_Q;E;44,25;0,460980362
BCEF_MORTGAGE_Q;E;44,5;0,460980362
BCEF_MORTGAGE_Q;E;44,75;0,460980362
BCEF_MORTGAGE_Q;E;45;0,460980362
BCEF_MORTGAGE_Q;E;45,25;0,460980362
BCEF_MORTGAGE_Q;E;45,5;0,460980362
BCEF_MORTGAGE_Q;E;45,75;0,460980362
BCEF_MORTGAGE_Q;E;46;0,460980362
BCEF_MORTGAGE_Q;E;46,25;0,460980362
BCEF_MORTGAGE_Q;E;46,5;0,460980362
BCEF_MORTGAGE_Q;E;46,75;0,460980362
BCEF_MORTGAGE_Q;E;47;0,460980362
BCEF_MORTGAGE_Q;E;47,25;0,460980362
BCEF_MORTGAGE_Q;E;47,5;0,460980362
BCEF_MORTGAGE_Q;E;47,75;0,460980362
BCEF_MORTGAGE_Q;E;48;0,460980362
BCEF_MORTGAGE_Q;E;48,25;0,460980362
BCEF_MORTGAGE_Q;E;48,5;0,460980362
BCEF_MORTGAGE_Q;E;48,75;0,460980362
BCEF_MORTGAGE_Q;E;49;0,460980362
BCEF_MORTGAGE_Q;E;49,25;0,460980362
BCEF_MORTGAGE_Q;E;49,5;0,460980362
BCEF_MORTGAGE_Q;E;49,75;0,460980362
BCEF_MORTGAGE_Q;E;50;0,460980362
BCEF_MORTGAGE_Q;E;50,25;0,460980362
BCEF_MORTGAGE_Q;E;100;0,460980362
BCEF_INVEST_Q;C;0;0,997346711
BCEF_INVEST_Q;C;0,25;0,990583164
BCEF_INVEST_Q;C;0,5;0,984051038
BCEF_INVEST_Q;C;0,75;0,978019586
BCEF_INVEST_Q;C;1;0,97198488
BCEF_INVEST_Q;C;1,25;0,965815731
BCEF_INVEST_Q;C;1,5;0,95952206
BCEF_INVEST_Q;C;1,75;0,953119048
BCEF_INVEST_Q;C;2;0,946610967
BCEF_INVEST_Q;C;2,25;0,939980992
BCEF_INVEST_Q;C;2,5;0,933223353
BCEF_INVEST_Q;C;2,75;0,926320322
BCEF_INVEST_Q;C;3;0,919298789
BCEF_INVEST_Q;C;3,25;0,912179354
BCEF_INVEST_Q;C;3,5;0,904970344
BCEF_INVEST_Q;C;3,75;0,897660509
BCEF_INVEST_Q;C;4;0,89027662
BCEF_INVEST_Q;C;4,25;0,88281903
BCEF_INVEST_Q;C;4,5;0,875282774
BCEF_INVEST_Q;C;4,75;0,867675613
BCEF_INVEST_Q;C;5;0,860033212
BCEF_INVEST_Q;C;5,25;0,852355937
BCEF_INVEST_Q;C;5,5;0,844646165
BCEF_INVEST_Q;C;5,75;0,836892338
BCEF_INVEST_Q;C;6;0,829112522
BCEF_INVEST_Q;C;6,25;0,821312503
BCEF_INVEST_Q;C;6,5;0,813484791
BCEF_INVEST_Q;C;6,75;0,805615465
BCEF_INVEST_Q;C;7;0,797755725
BCEF_INVEST_Q;C;7,25;0,789907936
BCEF_INVEST_Q;C;7,5;0,782071606
BCEF_INVEST_Q;C;7,75;0,774258577
BCEF_INVEST_Q;C;8;0,766470046
BCEF_INVEST_Q;C;8,25;0,758713295
BCEF_INVEST_Q;C;8,5;0,750979021
BCEF_INVEST_Q;C;8,75;0,743258157
BCEF_INVEST_Q;C;9;0,735579134
BCEF_INVEST_Q;C;9,25;0,727923456
BCEF_INVEST_Q;C;9,5;0,720325939
BCEF_INVEST_Q;C;9,75;0,712604402
BCEF_INVEST_Q;C;10;0,704963519
BCEF_INVEST_Q;C;10,25;0,697384087
BCEF_INVEST_Q;C;10,5;0,689857771
BCEF_INVEST_Q;C;10,75;0,682353249
BCEF_INVEST_Q;C;11;0,674884604
BCEF_INVEST_Q;C;11,25;0,667465644
BCEF_INVEST_Q;C;11,5;0,660101797
BCEF_INVEST_Q;C;11,75;0,652788608
BCEF_INVEST_Q;C;12;0,645504692
BCEF_INVEST_Q;C;12,25;0,638318359
BCEF_INVEST_Q;C;12,5;0,631202521
BCEF_INVEST_Q;C;12,75;0,624176038
BCEF_INVEST_Q;C;13;0,617201138
BCEF_INVEST_Q;C;13,25;0,610303941
BCEF_INVEST_Q;C;13,5;0,603491457
BCEF_INVEST_Q;C;13,75;0,596763883
BCEF_INVEST_Q;C;14;0,590117842
BCEF_INVEST_Q;C;14,25;0,583591269
BCEF_INVEST_Q;C;14,5;0,577143738
BCEF_INVEST_Q;C;14,75;0,570864299
BCEF_INVEST_Q;C;15;0,564699198
BCEF_INVEST_Q;C;15,25;0,558629385
BCEF_INVEST_Q;C;15,5;0,552632851
BCEF_INVEST_Q;C;15,75;0,546717388
BCEF_INVEST_Q;C;16;0,540874501
BCEF_INVEST_Q;C;16,25;0,535057107
BCEF_INVEST_Q;C;16,5;0,529299132
BCEF_INVEST_Q;C;16,75;0,523620676
BCEF_INVEST_Q;C;17;0,518004541
BCEF_INVEST_Q;C;17,25;0,512453835
BCEF_INVEST_Q;C;17,5;0,506939263
BCEF_INVEST_Q;C;17,75;0,501533303
BCEF_INVEST_Q;C;18;0,49616295
BCEF_INVEST_Q;C;18,25;0,490844479
BCEF_INVEST_Q;C;18,5;0,485508024
BCEF_INVEST_Q;C;18,75;0,480343188
BCEF_INVEST_Q;C;19;0,475173275
BCEF_INVEST_Q;C;19,25;0,469466283
BCEF_INVEST_Q;C;19,5;0,463523029
BCEF_INVEST_Q;C;19,75;0,458636567
BCEF_INVEST_Q;C;20;0,454705582
BCEF_INVEST_Q;C;20,25;0,450924127
BCEF_INVEST_Q;C;20,5;0,447199451
BCEF_INVEST_Q;C;20,75;0,443506346
BCEF_INVEST_Q;C;21;0,439848457
BCEF_INVEST_Q;C;21,25;0,436337883
BCEF_INVEST_Q;C;21,5;0,436337883
BCEF_INVEST_Q;C;21,75;0,436337883
BCEF_INVEST_Q;C;22;0,436337883
BCEF_INVEST_Q;C;22,25;0,436337883
BCEF_INVEST_Q;C;22,5;0,436337883
BCEF_INVEST_Q;C;22,75;0,436337883
BCEF_INVEST_Q;C;23;0,436337883
BCEF_INVEST_Q;C;23,25;0,436337883
BCEF_INVEST_Q;C;23,5;0,436337883
BCEF_INVEST_Q;C;23,75;0,436337883
BCEF_INVEST_Q;C;24;0,436337883
BCEF_INVEST_Q;C;24,25;0,436337883
BCEF_INVEST_Q;C;24,5;0,436337883
BCEF_INVEST_Q;C;24,75;0,436337883
BCEF_INVEST_Q;C;25;0,436337883
BCEF_INVEST_Q;C;25,25;0,436337883
BCEF_INVEST_Q;C;25,5;0,436337883
BCEF_INVEST_Q;C;25,75;0,436337883
BCEF_INVEST_Q;C;26;0,436337883
BCEF_INVEST_Q;C;26,25;0,436337883
BCEF_INVEST_Q;C;26,5;0,436337883
BCEF_INVEST_Q;C;26,75;0,436337883
BCEF_INVEST_Q;C;27;0,436337883
BCEF_INVEST_Q;C;27,25;0,436337883
BCEF_INVEST_Q;C;27,5;0,436337883
BCEF_INVEST_Q;C;27,75;0,436337883
BCEF_INVEST_Q;C;28;0,436337883
BCEF_INVEST_Q;C;28,25;0,436337883
BCEF_INVEST_Q;C;28,5;0,436337883
BCEF_INVEST_Q;C;28,75;0,436337883
BCEF_INVEST_Q;C;29;0,436337883
BCEF_INVEST_Q;C;29,25;0,436337883
BCEF_INVEST_Q;C;29,5;0,436337883
BCEF_INVEST_Q;C;29,75;0,436337883
BCEF_INVEST_Q;C;30;0,436337883
BCEF_INVEST_Q;C;30,25;0,436337883
BCEF_INVEST_Q;C;30,5;0,436337883
BCEF_INVEST_Q;C;30,75;0,436337883
BCEF_INVEST_Q;C;31;0,436337883
BCEF_INVEST_Q;C;31,25;0,436337883
BCEF_INVEST_Q;C;31,5;0,436337883
BCEF_INVEST_Q;C;31,75;0,436337883
BCEF_INVEST_Q;C;32;0,436337883
BCEF_INVEST_Q;C;32,25;0,436337883
BCEF_INVEST_Q;C;32,5;0,436337883
BCEF_INVEST_Q;C;32,75;0,436337883
BCEF_INVEST_Q;C;33;0,436337883
BCEF_INVEST_Q;C;33,25;0,436337883
BCEF_INVEST_Q;C;33,5;0,436337883
BCEF_INVEST_Q;C;33,75;0,436337883
BCEF_INVEST_Q;C;34;0,436337883
BCEF_INVEST_Q;C;34,25;0,436337883
BCEF_INVEST_Q;C;34,5;0,436337883
BCEF_INVEST_Q;C;34,75;0,436337883
BCEF_INVEST_Q;C;35;0,436337883
BCEF_INVEST_Q;C;35,25;0,436337883
BCEF_INVEST_Q;C;35,5;0,436337883
BCEF_INVEST_Q;C;35,75;0,436337883
BCEF_INVEST_Q;C;36;0,436337883
BCEF_INVEST_Q;C;36,25;0,436337883
BCEF_INVEST_Q;C;36,5;0,436337883
BCEF_INVEST_Q;C;36,75;0,436337883
BCEF_INVEST_Q;C;37;0,436337883
BCEF_INVEST_Q;C;37,25;0,436337883
BCEF_INVEST_Q;C;37,5;0,436337883
BCEF_INVEST_Q;C;37,75;0,436337883
BCEF_INVEST_Q;C;38;0,436337883
BCEF_INVEST_Q;C;38,25;0,436337883
BCEF_INVEST_Q;C;38,5;0,436337883
BCEF_INVEST_Q;C;38,75;0,436337883
BCEF_INVEST_Q;C;39;0,436337883
BCEF_INVEST_Q;C;39,25;0,436337883
BCEF_INVEST_Q;C;39,5;0,436337883
BCEF_INVEST_Q;C;39,75;0,436337883
BCEF_INVEST_Q;C;40;0,436337883
BCEF_INVEST_Q;C;40,25;0,436337883
BCEF_INVEST_Q;C;40,5;0,436337883
BCEF_INVEST_Q;C;40,75;0,436337883
BCEF_INVEST_Q;C;41;0,436337883
BCEF_INVEST_Q;C;41,25;0,436337883
BCEF_INVEST_Q;C;41,5;0,436337883
BCEF_INVEST_Q;C;41,75;0,436337883
BCEF_INVEST_Q;C;42;0,436337883
BCEF_INVEST_Q;C;42,25;0,436337883
BCEF_INVEST_Q;C;42,5;0,436337883
BCEF_INVEST_Q;C;42,75;0,436337883
BCEF_INVEST_Q;C;43;0,436337883
BCEF_INVEST_Q;C;43,25;0,436337883
BCEF_INVEST_Q;C;43,5;0,436337883
BCEF_INVEST_Q;C;43,75;0,436337883
BCEF_INVEST_Q;C;44;0,436337883
BCEF_INVEST_Q;C;44,25;0,436337883
BCEF_INVEST_Q;C;44,5;0,436337883
BCEF_INVEST_Q;C;44,75;0,436337883
BCEF_INVEST_Q;C;45;0,436337883
BCEF_INVEST_Q;C;45,25;0,436337883
BCEF_INVEST_Q;C;45,5;0,436337883
BCEF_INVEST_Q;C;45,75;0,436337883
BCEF_INVEST_Q;C;46;0,436337883
BCEF_INVEST_Q;C;46,25;0,436337883
BCEF_INVEST_Q;C;46,5;0,436337883
BCEF_INVEST_Q;C;46,75;0,436337883
BCEF_INVEST_Q;C;47;0,436337883
BCEF_INVEST_Q;C;47,25;0,436337883
BCEF_INVEST_Q;C;47,5;0,436337883
BCEF_INVEST_Q;C;47,75;0,436337883
BCEF_INVEST_Q;C;48;0,436337883
BCEF_INVEST_Q;C;48,25;0,436337883
BCEF_INVEST_Q;C;48,5;0,436337883
BCEF_INVEST_Q;C;48,75;0,436337883
BCEF_INVEST_Q;C;49;0,436337883
BCEF_INVEST_Q;C;49,25;0,436337883
BCEF_INVEST_Q;C;49,5;0,436337883
BCEF_INVEST_Q;C;49,75;0,436337883
BCEF_INVEST_Q;C;50;0,436337883
BCEF_INVEST_Q;C;50,25;0,436337883
BCEF_INVEST_Q;C;100;0,436337883
BCEF_INVEST_Q;O;0;0,997346711
BCEF_INVEST_Q;O;0,25;0,990584707
BCEF_INVEST_Q;O;0,5;0,98412067
BCEF_INVEST_Q;O;0,75;0,978226695
BCEF_INVEST_Q;O;1;0,972374755
BCEF_INVEST_Q;O;1,25;0,96641944
BCEF_INVEST_Q;O;1,5;0,960349956
BCEF_INVEST_Q;O;1,75;0,954177252
BCEF_INVEST_Q;O;2;0,947903885
BCEF_INVEST_Q;O;2,25;0,941499371
BCEF_INVEST_Q;O;2,5;0,934944657
BCEF_INVEST_Q;O;2,75;0,928225164
BCEF_INVEST_Q;O;3;0,921368382
BCEF_INVEST_Q;O;3,25;0,914232919
BCEF_INVEST_Q;O;3,5;0,907007679
BCEF_INVEST_Q;O;3,75;0,899681388
BCEF_INVEST_Q;O;4;0,892280876
BCEF_INVEST_Q;O;4,25;0,884806497
BCEF_INVEST_Q;O;4,5;0,877253275
BCEF_INVEST_Q;O;4,75;0,869628988
BCEF_INVEST_Q;O;5;0,861969381
BCEF_INVEST_Q;O;5,25;0,854274823
BCEF_INVEST_Q;O;5,5;0,846547694
BCEF_INVEST_Q;O;5,75;0,838776411
BCEF_INVEST_Q;O;6;0,830979081
BCEF_INVEST_Q;O;6,25;0,823161502
BCEF_INVEST_Q;O;6,5;0,815316167
BCEF_INVEST_Q;O;6,75;0,807429125
BCEF_INVEST_Q;O;7;0,799551691
BCEF_INVEST_Q;O;7,25;0,791686235
BCEF_INVEST_Q;O;7,5;0,783832262
BCEF_INVEST_Q;O;7,75;0,776001644
BCEF_INVEST_Q;O;8;0,768195579
BCEF_INVEST_Q;O;8,25;0,760421366
BCEF_INVEST_Q;O;8,5;0,75266968
BCEF_INVEST_Q;O;8,75;0,744931434
BCEF_INVEST_Q;O;9;0,737235123
BCEF_INVEST_Q;O;9,25;0,729562211
BCEF_INVEST_Q;O;9,5;0,721947589
BCEF_INVEST_Q;O;9,75;0,714208669
BCEF_INVEST_Q;O;10;0,706550584
BCEF_INVEST_Q;O;10,25;0,698954089
BCEF_INVEST_Q;O;10,5;0,69141083
BCEF_INVEST_Q;O;10,75;0,683889412
BCEF_INVEST_Q;O;11;0,676403954
BCEF_INVEST_Q;O;11,25;0,668968291
BCEF_INVEST_Q;O;11,5;0,661587867
BCEF_INVEST_Q;O;11,75;0,654258214
BCEF_INVEST_Q;O;12;0,6469579
BCEF_INVEST_Q;O;12,25;0,639755388
BCEF_INVEST_Q;O;12,5;0,63262353
BCEF_INVEST_Q;O;12,75;0,625581228
BCEF_INVEST_Q;O;13;0,618590626
BCEF_INVEST_Q;O;13,25;0,611677901
BCEF_INVEST_Q;O;13,5;0,604850082
BCEF_INVEST_Q;O;13,75;0,598107362
BCEF_INVEST_Q;O;14;0,591446359
BCEF_INVEST_Q;O;14,25;0,584905092
BCEF_INVEST_Q;O;14,5;0,578443046
BCEF_INVEST_Q;O;14,75;0,57214947
BCEF_INVEST_Q;O;15;0,56597049
BCEF_INVEST_Q;O;15,25;0,559887012
BCEF_INVEST_Q;O;15,5;0,553876979
BCEF_INVEST_Q;O;15,75;0,547948198
BCEF_INVEST_Q;O;16;0,542092157
BCEF_INVEST_Q;O;16,25;0,536261667
BCEF_INVEST_Q;O;16,5;0,530490728
BCEF_INVEST_Q;O;16,75;0,524799489
BCEF_INVEST_Q;O;17;0,51917071
BCEF_INVEST_Q;O;17,25;0,513607509
BCEF_INVEST_Q;O;17,5;0,508080522
BCEF_INVEST_Q;O;17,75;0,502662391
BCEF_INVEST_Q;O;18;0,497279949
BCEF_INVEST_Q;O;18,25;0,491949504
BCEF_INVEST_Q;O;18,5;0,486601035
BCEF_INVEST_Q;O;18,75;0,481424572
BCEF_INVEST_Q;O;19;0,476243019
BCEF_INVEST_Q;O;19,25;0,470523179
BCEF_INVEST_Q;O;19,5;0,464566546
BCEF_INVEST_Q;O;19,75;0,459669083
BCEF_INVEST_Q;O;20;0,455729249
BCEF_INVEST_Q;O;20,25;0,451939281
BCEF_INVEST_Q;O;20,5;0,448206219
BCEF_INVEST_Q;O;20,75;0,444504799
BCEF_INVEST_Q;O;21;0,440838676
BCEF_INVEST_Q;O;21,25;0,437320198
BCEF_INVEST_Q;O;21,5;0,437320198
BCEF_INVEST_Q;O;21,75;0,437320198
BCEF_INVEST_Q;O;22;0,437320198
BCEF_INVEST_Q;O;22,25;0,437320198
BCEF_INVEST_Q;O;22,5;0,437320198
BCEF_INVEST_Q;O;22,75;0,437320198
BCEF_INVEST_Q;O;23;0,437320198
BCEF_INVEST_Q;O;23,25;0,437320198
BCEF_INVEST_Q;O;23,5;0,437320198
BCEF_INVEST_Q;O;23,75;0,437320198
BCEF_INVEST_Q;O;24;0,437320198
BCEF_INVEST_Q;O;24,25;0,437320198
BCEF_INVEST_Q;O;24,5;0,437320198
BCEF_INVEST_Q;O;24,75;0,437320198
BCEF_INVEST_Q;O;25;0,437320198
BCEF_INVEST_Q;O;25,25;0,437320198
BCEF_INVEST_Q;O;25,5;0,437320198
BCEF_INVEST_Q;O;25,75;0,437320198
BCEF_INVEST_Q;O;26;0,437320198
BCEF_INVEST_Q;O;26,25;0,437320198
BCEF_INVEST_Q;O;26,5;0,437320198
BCEF_INVEST_Q;O;26,75;0,437320198
BCEF_INVEST_Q;O;27;0,437320198
BCEF_INVEST_Q;O;27,25;0,437320198
BCEF_INVEST_Q;O;27,5;0,437320198
BCEF_INVEST_Q;O;27,75;0,437320198
BCEF_INVEST_Q;O;28;0,437320198
BCEF_INVEST_Q;O;28,25;0,437320198
BCEF_INVEST_Q;O;28,5;0,437320198
BCEF_INVEST_Q;O;28,75;0,437320198
BCEF_INVEST_Q;O;29;0,437320198
BCEF_INVEST_Q;O;29,25;0,437320198
BCEF_INVEST_Q;O;29,5;0,437320198
BCEF_INVEST_Q;O;29,75;0,437320198
BCEF_INVEST_Q;O;30;0,437320198
BCEF_INVEST_Q;O;30,25;0,437320198
BCEF_INVEST_Q;O;30,5;0,437320198
BCEF_INVEST_Q;O;30,75;0,437320198
BCEF_INVEST_Q;O;31;0,437320198
BCEF_INVEST_Q;O;31,25;0,437320198
BCEF_INVEST_Q;O;31,5;0,437320198
BCEF_INVEST_Q;O;31,75;0,437320198
BCEF_INVEST_Q;O;32;0,437320198
BCEF_INVEST_Q;O;32,25;0,437320198
BCEF_INVEST_Q;O;32,5;0,437320198
BCEF_INVEST_Q;O;32,75;0,437320198
BCEF_INVEST_Q;O;33;0,437320198
BCEF_INVEST_Q;O;33,25;0,437320198
BCEF_INVEST_Q;O;33,5;0,437320198
BCEF_INVEST_Q;O;33,75;0,437320198
BCEF_INVEST_Q;O;34;0,437320198
BCEF_INVEST_Q;O;34,25;0,437320198
BCEF_INVEST_Q;O;34,5;0,437320198
BCEF_INVEST_Q;O;34,75;0,437320198
BCEF_INVEST_Q;O;35;0,437320198
BCEF_INVEST_Q;O;35,25;0,437320198
BCEF_INVEST_Q;O;35,5;0,437320198
BCEF_INVEST_Q;O;35,75;0,437320198
BCEF_INVEST_Q;O;36;0,437320198
BCEF_INVEST_Q;O;36,25;0,437320198
BCEF_INVEST_Q;O;36,5;0,437320198
BCEF_INVEST_Q;O;36,75;0,437320198
BCEF_INVEST_Q;O;37;0,437320198
BCEF_INVEST_Q;O;37,25;0,437320198
BCEF_INVEST_Q;O;37,5;0,437320198
BCEF_INVEST_Q;O;37,75;0,437320198
BCEF_INVEST_Q;O;38;0,437320198
BCEF_INVEST_Q;O;38,25;0,437320198
BCEF_INVEST_Q;O;38,5;0,437320198
BCEF_INVEST_Q;O;38,75;0,437320198
BCEF_INVEST_Q;O;39;0,437320198
BCEF_INVEST_Q;O;39,25;0,437320198
BCEF_INVEST_Q;O;39,5;0,437320198
BCEF_INVEST_Q;O;39,75;0,437320198
BCEF_INVEST_Q;O;40;0,437320198
BCEF_INVEST_Q;O;40,25;0,437320198
BCEF_INVEST_Q;O;40,5;0,437320198
BCEF_INVEST_Q;O;40,75;0,437320198
BCEF_INVEST_Q;O;41;0,437320198
BCEF_INVEST_Q;O;41,25;0,437320198
BCEF_INVEST_Q;O;41,5;0,437320198
BCEF_INVEST_Q;O;41,75;0,437320198
BCEF_INVEST_Q;O;42;0,437320198
BCEF_INVEST_Q;O;42,25;0,437320198
BCEF_INVEST_Q;O;42,5;0,437320198
BCEF_INVEST_Q;O;42,75;0,437320198
BCEF_INVEST_Q;O;43;0,437320198
BCEF_INVEST_Q;O;43,25;0,437320198
BCEF_INVEST_Q;O;43,5;0,437320198
BCEF_INVEST_Q;O;43,75;0,437320198
BCEF_INVEST_Q;O;44;0,437320198
BCEF_INVEST_Q;O;44,25;0,437320198
BCEF_INVEST_Q;O;44,5;0,437320198
BCEF_INVEST_Q;O;44,75;0,437320198
BCEF_INVEST_Q;O;45;0,437320198
BCEF_INVEST_Q;O;45,25;0,437320198
BCEF_INVEST_Q;O;45,5;0,437320198
BCEF_INVEST_Q;O;45,75;0,437320198
BCEF_INVEST_Q;O;46;0,437320198
BCEF_INVEST_Q;O;46,25;0,437320198
BCEF_INVEST_Q;O;46,5;0,437320198
BCEF_INVEST_Q;O;46,75;0,437320198
BCEF_INVEST_Q;O;47;0,437320198
BCEF_INVEST_Q;O;47,25;0,437320198
BCEF_INVEST_Q;O;47,5;0,437320198
BCEF_INVEST_Q;O;47,75;0,437320198
BCEF_INVEST_Q;O;48;0,437320198
BCEF_INVEST_Q;O;48,25;0,437320198
BCEF_INVEST_Q;O;48,5;0,437320198
BCEF_INVEST_Q;O;48,75;0,437320198
BCEF_INVEST_Q;O;49;0,437320198
BCEF_INVEST_Q;O;49,25;0,437320198
BCEF_INVEST_Q;O;49,5;0,437320198
BCEF_INVEST_Q;O;49,75;0,437320198
BCEF_INVEST_Q;O;50;0,437320198
BCEF_INVEST_Q;O;50,25;0,437320198
BCEF_INVEST_Q;O;100;0,437320198
BCEF_INVEST_Q;A;0;0,997346711
BCEF_INVEST_Q;A;0,25;0,990584784
BCEF_INVEST_Q;A;0,5;0,984029645
BCEF_INVEST_Q;A;0,75;0,977688452
BCEF_INVEST_Q;A;1;0,971051935
BCEF_INVEST_Q;A;1,25;0,964140096
BCEF_INVEST_Q;A;1,5;0,957061567
BCEF_INVEST_Q;A;1,75;0,949834582
BCEF_INVEST_Q;A;2;0,942431092
BCEF_INVEST_Q;A;2,25;0,934913858
BCEF_INVEST_Q;A;2,5;0,927385266
BCEF_INVEST_Q;A;2,75;0,919819412
BCEF_INVEST_Q;A;3;0,91223423
BCEF_INVEST_Q;A;3,25;0,905169506
BCEF_INVEST_Q;A;3,5;0,898015895
BCEF_INVEST_Q;A;3,75;0,890762234
BCEF_INVEST_Q;A;4;0,883435088
BCEF_INVEST_Q;A;4,25;0,876034808
BCEF_INVEST_Q;A;4,5;0,868556466
BCEF_INVEST_Q;A;4,75;0,861007764
BCEF_INVEST_Q;A;5;0,853424092
BCEF_INVEST_Q;A;5,25;0,845805816
BCEF_INVEST_Q;A;5,5;0,83815529
BCEF_INVEST_Q;A;5,75;0,83046105
BCEF_INVEST_Q;A;6;0,82274102
BCEF_INVEST_Q;A;6,25;0,815000942
BCEF_INVEST_Q;A;6,5;0,807233383
BCEF_INVEST_Q;A;6,75;0,799424531
BCEF_INVEST_Q;A;7;0,791625191
BCEF_INVEST_Q;A;7,25;0,78383771
BCEF_INVEST_Q;A;7,5;0,7760616
BCEF_INVEST_Q;A;7,75;0,768308612
BCEF_INVEST_Q;A;8;0,760579934
BCEF_INVEST_Q;A;8,25;0,752882792
BCEF_INVEST_Q;A;8,5;0,745207954
BCEF_INVEST_Q;A;8,75;0,737546422
BCEF_INVEST_Q;A;9;0,72992641
BCEF_INVEST_Q;A;9,25;0,722329564
BCEF_INVEST_Q;A;9,5;0,714790431
BCEF_INVEST_Q;A;9,75;0,707128233
BCEF_INVEST_Q;A;10;0,699546067
BCEF_INVEST_Q;A;10,25;0,692024882
BCEF_INVEST_Q;A;10,5;0,684556404
BCEF_INVEST_Q;A;10,75;0,677109551
BCEF_INVEST_Q;A;11;0,669698301
BCEF_INVEST_Q;A;11,25;0,662336353
BCEF_INVEST_Q;A;11,5;0,655029096
BCEF_INVEST_Q;A;11,75;0,647772107
BCEF_INVEST_Q;A;12;0,640544166
BCEF_INVEST_Q;A;12,25;0,633413057
BCEF_INVEST_Q;A;12,5;0,626351903
BCEF_INVEST_Q;A;12,75;0,619379416
BCEF_INVEST_Q;A;13;0,612458116
BCEF_INVEST_Q;A;13,25;0,605613922
BCEF_INVEST_Q;A;13,5;0,598853791
BCEF_INVEST_Q;A;13,75;0,592177917
BCEF_INVEST_Q;A;14;0,585582949
BCEF_INVEST_Q;A;14,25;0,57910653
BCEF_INVEST_Q;A;14,5;0,572708547
BCEF_INVEST_Q;A;14,75;0,566477363
BCEF_INVEST_Q;A;15;0,56035964
BCEF_INVEST_Q;A;15,25;0,554336471
BCEF_INVEST_Q;A;15,5;0,548386019
BCEF_INVEST_Q;A;15,75;0,542516015
BCEF_INVEST_Q;A;16;0,536718029
BCEF_INVEST_Q;A;16,25;0,53094534
BCEF_INVEST_Q;A;16,5;0,525231613
BCEF_INVEST_Q;A;16,75;0,519596795
BCEF_INVEST_Q;A;17;0,514023818
BCEF_INVEST_Q;A;17,25;0,508515768
BCEF_INVEST_Q;A;17,5;0,503043574
BCEF_INVEST_Q;A;17,75;0,497679157
BCEF_INVEST_Q;A;18;0,492350074
BCEF_INVEST_Q;A;18,25;0,487072473
BCEF_INVEST_Q;A;18,5;0,481777028
BCEF_INVEST_Q;A;18,75;0,476651882
BCEF_INVEST_Q;A;19;0,471521698
BCEF_INVEST_Q;A;19,25;0,465858563
BCEF_INVEST_Q;A;19,5;0,459960982
BCEF_INVEST_Q;A;19,75;0,455112071
BCEF_INVEST_Q;A;20;0,451211294
BCEF_INVEST_Q;A;20,25;0,447458899
BCEF_INVEST_Q;A;20,5;0,443762846
BCEF_INVEST_Q;A;20,75;0,440098121
BCEF_INVEST_Q;A;21;0,436468342
BCEF_INVEST_Q;A;21,25;0,432984746
BCEF_INVEST_Q;A;21,5;0,432984746
BCEF_INVEST_Q;A;21,75;0,432984746
BCEF_INVEST_Q;A;22;0,432984746
BCEF_INVEST_Q;A;22,25;0,432984746
BCEF_INVEST_Q;A;22,5;0,432984746
BCEF_INVEST_Q;A;22,75;0,432984746
BCEF_INVEST_Q;A;23;0,432984746
BCEF_INVEST_Q;A;23,25;0,432984746
BCEF_INVEST_Q;A;23,5;0,432984746
BCEF_INVEST_Q;A;23,75;0,432984746
BCEF_INVEST_Q;A;24;0,432984746
BCEF_INVEST_Q;A;24,25;0,432984746
BCEF_INVEST_Q;A;24,5;0,432984746
BCEF_INVEST_Q;A;24,75;0,432984746
BCEF_INVEST_Q;A;25;0,432984746
BCEF_INVEST_Q;A;25,25;0,432984746
BCEF_INVEST_Q;A;25,5;0,432984746
BCEF_INVEST_Q;A;25,75;0,432984746
BCEF_INVEST_Q;A;26;0,432984746
BCEF_INVEST_Q;A;26,25;0,432984746
BCEF_INVEST_Q;A;26,5;0,432984746
BCEF_INVEST_Q;A;26,75;0,432984746
BCEF_INVEST_Q;A;27;0,432984746
BCEF_INVEST_Q;A;27,25;0,432984746
BCEF_INVEST_Q;A;27,5;0,432984746
BCEF_INVEST_Q;A;27,75;0,432984746
BCEF_INVEST_Q;A;28;0,432984746
BCEF_INVEST_Q;A;28,25;0,432984746
BCEF_INVEST_Q;A;28,5;0,432984746
BCEF_INVEST_Q;A;28,75;0,432984746
BCEF_INVEST_Q;A;29;0,432984746
BCEF_INVEST_Q;A;29,25;0,432984746
BCEF_INVEST_Q;A;29,5;0,432984746
BCEF_INVEST_Q;A;29,75;0,432984746
BCEF_INVEST_Q;A;30;0,432984746
BCEF_INVEST_Q;A;30,25;0,432984746
BCEF_INVEST_Q;A;30,5;0,432984746
BCEF_INVEST_Q;A;30,75;0,432984746
BCEF_INVEST_Q;A;31;0,432984746
BCEF_INVEST_Q;A;31,25;0,432984746
BCEF_INVEST_Q;A;31,5;0,432984746
BCEF_INVEST_Q;A;31,75;0,432984746
BCEF_INVEST_Q;A;32;0,432984746
BCEF_INVEST_Q;A;32,25;0,432984746
BCEF_INVEST_Q;A;32,5;0,432984746
BCEF_INVEST_Q;A;32,75;0,432984746
BCEF_INVEST_Q;A;33;0,432984746
BCEF_INVEST_Q;A;33,25;0,432984746
BCEF_INVEST_Q;A;33,5;0,432984746
BCEF_INVEST_Q;A;33,75;0,432984746
BCEF_INVEST_Q;A;34;0,432984746
BCEF_INVEST_Q;A;34,25;0,432984746
BCEF_INVEST_Q;A;34,5;0,432984746
BCEF_INVEST_Q;A;34,75;0,432984746
BCEF_INVEST_Q;A;35;0,432984746
BCEF_INVEST_Q;A;35,25;0,432984746
BCEF_INVEST_Q;A;35,5;0,432984746
BCEF_INVEST_Q;A;35,75;0,432984746
BCEF_INVEST_Q;A;36;0,432984746
BCEF_INVEST_Q;A;36,25;0,432984746
BCEF_INVEST_Q;A;36,5;0,432984746
BCEF_INVEST_Q;A;36,75;0,432984746
BCEF_INVEST_Q;A;37;0,432984746
BCEF_INVEST_Q;A;37,25;0,432984746
BCEF_INVEST_Q;A;37,5;0,432984746
BCEF_INVEST_Q;A;37,75;0,432984746
BCEF_INVEST_Q;A;38;0,432984746
BCEF_INVEST_Q;A;38,25;0,432984746
BCEF_INVEST_Q;A;38,5;0,432984746
BCEF_INVEST_Q;A;38,75;0,432984746
BCEF_INVEST_Q;A;39;0,432984746
BCEF_INVEST_Q;A;39,25;0,432984746
BCEF_INVEST_Q;A;39,5;0,432984746
BCEF_INVEST_Q;A;39,75;0,432984746
BCEF_INVEST_Q;A;40;0,432984746
BCEF_INVEST_Q;A;40,25;0,432984746
BCEF_INVEST_Q;A;40,5;0,432984746
BCEF_INVEST_Q;A;40,75;0,432984746
BCEF_INVEST_Q;A;41;0,432984746
BCEF_INVEST_Q;A;41,25;0,432984746
BCEF_INVEST_Q;A;41,5;0,432984746
BCEF_INVEST_Q;A;41,75;0,432984746
BCEF_INVEST_Q;A;42;0,432984746
BCEF_INVEST_Q;A;42,25;0,432984746
BCEF_INVEST_Q;A;42,5;0,432984746
BCEF_INVEST_Q;A;42,75;0,432984746
BCEF_INVEST_Q;A;43;0,432984746
BCEF_INVEST_Q;A;43,25;0,432984746
BCEF_INVEST_Q;A;43,5;0,432984746
BCEF_INVEST_Q;A;43,75;0,432984746
BCEF_INVEST_Q;A;44;0,432984746
BCEF_INVEST_Q;A;44,25;0,432984746
BCEF_INVEST_Q;A;44,5;0,432984746
BCEF_INVEST_Q;A;44,75;0,432984746
BCEF_INVEST_Q;A;45;0,432984746
BCEF_INVEST_Q;A;45,25;0,432984746
BCEF_INVEST_Q;A;45,5;0,432984746
BCEF_INVEST_Q;A;45,75;0,432984746
BCEF_INVEST_Q;A;46;0,432984746
BCEF_INVEST_Q;A;46,25;0,432984746
BCEF_INVEST_Q;A;46,5;0,432984746
BCEF_INVEST_Q;A;46,75;0,432984746
BCEF_INVEST_Q;A;47;0,432984746
BCEF_INVEST_Q;A;47,25;0,432984746
BCEF_INVEST_Q;A;47,5;0,432984746
BCEF_INVEST_Q;A;47,75;0,432984746
BCEF_INVEST_Q;A;48;0,432984746
BCEF_INVEST_Q;A;48,25;0,432984746
BCEF_INVEST_Q;A;48,5;0,432984746
BCEF_INVEST_Q;A;48,75;0,432984746
BCEF_INVEST_Q;A;49;0,432984746
BCEF_INVEST_Q;A;49,25;0,432984746
BCEF_INVEST_Q;A;49,5;0,432984746
BCEF_INVEST_Q;A;49,75;0,432984746
BCEF_INVEST_Q;A;50;0,432984746
BCEF_INVEST_Q;A;50,25;0,432984746
BCEF_INVEST_Q;A;100;0,432984746
BCEF_INVEST_Q;E;0;0,997346711
BCEF_INVEST_Q;E;0,25;0,990591266
BCEF_INVEST_Q;E;0,5;0,984220101
BCEF_INVEST_Q;E;0,75;0,978231889
BCEF_INVEST_Q;E;1;0,971963492
BCEF_INVEST_Q;E;1,25;0,965397784
BCEF_INVEST_Q;E;1,5;0,958645522
BCEF_INVEST_Q;E;1,75;0,951727256
BCEF_INVEST_Q;E;2;0,944577249
BCEF_INVEST_Q;E;2,25;0,937189875
BCEF_INVEST_Q;E;2,5;0,929642955
BCEF_INVEST_Q;E;2,75;0,921923878
BCEF_INVEST_Q;E;3;0,914062677
BCEF_INVEST_Q;E;3,25;0,906983793
BCEF_INVEST_Q;E;3,5;0,899815843
BCEF_INVEST_Q;E;3,75;0,892547643
BCEF_INVEST_Q;E;4;0,885205811
BCEF_INVEST_Q;E;4,25;0,877790698
BCEF_INVEST_Q;E;4,5;0,870297367
BCEF_INVEST_Q;E;4,75;0,862733535
BCEF_INVEST_Q;E;5;0,855134662
BCEF_INVEST_Q;E;5,25;0,847501116
BCEF_INVEST_Q;E;5,5;0,839835256
BCEF_INVEST_Q;E;5,75;0,832125594
BCEF_INVEST_Q;E;6;0,82439009
BCEF_INVEST_Q;E;6,25;0,816634498
BCEF_INVEST_Q;E;6,5;0,80885137
BCEF_INVEST_Q;E;6,75;0,801026866
BCEF_INVEST_Q;E;7;0,793211894
BCEF_INVEST_Q;E;7,25;0,785408804
BCEF_INVEST_Q;E;7,5;0,777617108
BCEF_INVEST_Q;E;7,75;0,76984858
BCEF_INVEST_Q;E;8;0,762104411
BCEF_INVEST_Q;E;8,25;0,754391841
BCEF_INVEST_Q;E;8,5;0,746701619
BCEF_INVEST_Q;E;8,75;0,739024732
BCEF_INVEST_Q;E;9;0,731389446
BCEF_INVEST_Q;E;9,25;0,723777374
BCEF_INVEST_Q;E;9,5;0,71622313
BCEF_INVEST_Q;E;9,75;0,708545573
BCEF_INVEST_Q;E;10;0,70094821
BCEF_INVEST_Q;E;10,25;0,693411949
BCEF_INVEST_Q;E;10,5;0,685928502
BCEF_INVEST_Q;E;10,75;0,678466723
BCEF_INVEST_Q;E;11;0,671040618
BCEF_INVEST_Q;E;11,25;0,663663915
BCEF_INVEST_Q;E;11,5;0,656342011
BCEF_INVEST_Q;E;11,75;0,649070476
BCEF_INVEST_Q;E;12;0,641828047
BCEF_INVEST_Q;E;12,25;0,634682646
BCEF_INVEST_Q;E;12,5;0,627607338
BCEF_INVEST_Q;E;12,75;0,620620876
BCEF_INVEST_Q;E;13;0,613685703
BCEF_INVEST_Q;E;13,25;0,606827791
BCEF_INVEST_Q;E;13,5;0,60005411
BCEF_INVEST_Q;E;13,75;0,593364855
BCEF_INVEST_Q;E;14;0,586756668
BCEF_INVEST_Q;E;14,25;0,580267269
BCEF_INVEST_Q;E;14,5;0,573856462
BCEF_INVEST_Q;E;14,75;0,567612788
BCEF_INVEST_Q;E;15;0,561482803
BCEF_INVEST_Q;E;15,25;0,555447562
BCEF_INVEST_Q;E;15,5;0,549485183
BCEF_INVEST_Q;E;15,75;0,543603413
BCEF_INVEST_Q;E;16;0,537793805
BCEF_INVEST_Q;E;16,25;0,532009546
BCEF_INVEST_Q;E;16,5;0,526284367
BCEF_INVEST_Q;E;16,75;0,520638255
BCEF_INVEST_Q;E;17;0,515054107
BCEF_INVEST_Q;E;17,25;0,509535017
BCEF_INVEST_Q;E;17,5;0,504051855
BCEF_INVEST_Q;E;17,75;0,498676686
BCEF_INVEST_Q;E;18;0,493336921
BCEF_INVEST_Q;E;18,25;0,488048742
BCEF_INVEST_Q;E;18,5;0,482742683
BCEF_INVEST_Q;E;18,75;0,477607265
BCEF_INVEST_Q;E;19;0,472466798
BCEF_INVEST_Q;E;19,25;0,466792312
BCEF_INVEST_Q;E;19,5;0,46088291
BCEF_INVEST_Q;E;19,75;0,45602428
BCEF_INVEST_Q;E;20;0,452115685
BCEF_INVEST_Q;E;20,25;0,448355768
BCEF_INVEST_Q;E;20,5;0,444652307
BCEF_INVEST_Q;E;20,75;0,440980236
BCEF_INVEST_Q;E;21;0,437343182
BCEF_INVEST_Q;E;21,25;0,433852603
BCEF_INVEST_Q;E;21,5;0,433852603
BCEF_INVEST_Q;E;21,75;0,433852603
BCEF_INVEST_Q;E;22;0,433852603
BCEF_INVEST_Q;E;22,25;0,433852603
BCEF_INVEST_Q;E;22,5;0,433852603
BCEF_INVEST_Q;E;22,75;0,433852603
BCEF_INVEST_Q;E;23;0,433852603
BCEF_INVEST_Q;E;23,25;0,433852603
BCEF_INVEST_Q;E;23,5;0,433852603
BCEF_INVEST_Q;E;23,75;0,433852603
BCEF_INVEST_Q;E;24;0,433852603
BCEF_INVEST_Q;E;24,25;0,433852603
BCEF_INVEST_Q;E;24,5;0,433852603
BCEF_INVEST_Q;E;24,75;0,433852603
BCEF_INVEST_Q;E;25;0,433852603
BCEF_INVEST_Q;E;25,25;0,433852603
BCEF_INVEST_Q;E;25,5;0,433852603
BCEF_INVEST_Q;E;25,75;0,433852603
BCEF_INVEST_Q;E;26;0,433852603
BCEF_INVEST_Q;E;26,25;0,433852603
BCEF_INVEST_Q;E;26,5;0,433852603
BCEF_INVEST_Q;E;26,75;0,433852603
BCEF_INVEST_Q;E;27;0,433852603
BCEF_INVEST_Q;E;27,25;0,433852603
BCEF_INVEST_Q;E;27,5;0,433852603
BCEF_INVEST_Q;E;27,75;0,433852603
BCEF_INVEST_Q;E;28;0,433852603
BCEF_INVEST_Q;E;28,25;0,433852603
BCEF_INVEST_Q;E;28,5;0,433852603
BCEF_INVEST_Q;E;28,75;0,433852603
BCEF_INVEST_Q;E;29;0,433852603
BCEF_INVEST_Q;E;29,25;0,433852603
BCEF_INVEST_Q;E;29,5;0,433852603
BCEF_INVEST_Q;E;29,75;0,433852603
BCEF_INVEST_Q;E;30;0,433852603
BCEF_INVEST_Q;E;30,25;0,433852603
BCEF_INVEST_Q;E;30,5;0,433852603
BCEF_INVEST_Q;E;30,75;0,433852603
BCEF_INVEST_Q;E;31;0,433852603
BCEF_INVEST_Q;E;31,25;0,433852603
BCEF_INVEST_Q;E;31,5;0,433852603
BCEF_INVEST_Q;E;31,75;0,433852603
BCEF_INVEST_Q;E;32;0,433852603
BCEF_INVEST_Q;E;32,25;0,433852603
BCEF_INVEST_Q;E;32,5;0,433852603
BCEF_INVEST_Q;E;32,75;0,433852603
BCEF_INVEST_Q;E;33;0,433852603
BCEF_INVEST_Q;E;33,25;0,433852603
BCEF_INVEST_Q;E;33,5;0,433852603
BCEF_INVEST_Q;E;33,75;0,433852603
BCEF_INVEST_Q;E;34;0,433852603
BCEF_INVEST_Q;E;34,25;0,433852603
BCEF_INVEST_Q;E;34,5;0,433852603
BCEF_INVEST_Q;E;34,75;0,433852603
BCEF_INVEST_Q;E;35;0,433852603
BCEF_INVEST_Q;E;35,25;0,433852603
BCEF_INVEST_Q;E;35,5;0,433852603
BCEF_INVEST_Q;E;35,75;0,433852603
BCEF_INVEST_Q;E;36;0,433852603
BCEF_INVEST_Q;E;36,25;0,433852603
BCEF_INVEST_Q;E;36,5;0,433852603
BCEF_INVEST_Q;E;36,75;0,433852603
BCEF_INVEST_Q;E;37;0,433852603
BCEF_INVEST_Q;E;37,25;0,433852603
BCEF_INVEST_Q;E;37,5;0,433852603
BCEF_INVEST_Q;E;37,75;0,433852603
BCEF_INVEST_Q;E;38;0,433852603
BCEF_INVEST_Q;E;38,25;0,433852603
BCEF_INVEST_Q;E;38,5;0,433852603
BCEF_INVEST_Q;E;38,75;0,433852603
BCEF_INVEST_Q;E;39;0,433852603
BCEF_INVEST_Q;E;39,25;0,433852603
BCEF_INVEST_Q;E;39,5;0,433852603
BCEF_INVEST_Q;E;39,75;0,433852603
BCEF_INVEST_Q;E;40;0,433852603
BCEF_INVEST_Q;E;40,25;0,433852603
BCEF_INVEST_Q;E;40,5;0,433852603
BCEF_INVEST_Q;E;40,75;0,433852603
BCEF_INVEST_Q;E;41;0,433852603
BCEF_INVEST_Q;E;41,25;0,433852603
BCEF_INVEST_Q;E;41,5;0,433852603
BCEF_INVEST_Q;E;41,75;0,433852603
BCEF_INVEST_Q;E;42;0,433852603
BCEF_INVEST_Q;E;42,25;0,433852603
BCEF_INVEST_Q;E;42,5;0,433852603
BCEF_INVEST_Q;E;42,75;0,433852603
BCEF_INVEST_Q;E;43;0,433852603
BCEF_INVEST_Q;E;43,25;0,433852603
BCEF_INVEST_Q;E;43,5;0,433852603
BCEF_INVEST_Q;E;43,75;0,433852603
BCEF_INVEST_Q;E;44;0,433852603
BCEF_INVEST_Q;E;44,25;0,433852603
BCEF_INVEST_Q;E;44,5;0,433852603
BCEF_INVEST_Q;E;44,75;0,433852603
BCEF_INVEST_Q;E;45;0,433852603
BCEF_INVEST_Q;E;45,25;0,433852603
BCEF_INVEST_Q;E;45,5;0,433852603
BCEF_INVEST_Q;E;45,75;0,433852603
BCEF_INVEST_Q;E;46;0,433852603
BCEF_INVEST_Q;E;46,25;0,433852603
BCEF_INVEST_Q;E;46,5;0,433852603
BCEF_INVEST_Q;E;46,75;0,433852603
BCEF_INVEST_Q;E;47;0,433852603
BCEF_INVEST_Q;E;47,25;0,433852603
BCEF_INVEST_Q;E;47,5;0,433852603
BCEF_INVEST_Q;E;47,75;0,433852603
BCEF_INVEST_Q;E;48;0,433852603
BCEF_INVEST_Q;E;48,25;0,433852603
BCEF_INVEST_Q;E;48,5;0,433852603
BCEF_INVEST_Q;E;48,75;0,433852603
BCEF_INVEST_Q;E;49;0,433852603
BCEF_INVEST_Q;E;49,25;0,433852603
BCEF_INVEST_Q;E;49,5;0,433852603
BCEF_INVEST_Q;E;49,75;0,433852603
BCEF_INVEST_Q;E;50;0,433852603
BCEF_INVEST_Q;E;50,25;0,433852603
BCEF_INVEST_Q;E;100;0,433852603
BCEF_CONSO_Q;C;0;0,987451416
BCEF_CONSO_Q;C;0,25;0,963408212
BCEF_CONSO_Q;C;0,5;0,938787353
BCEF_CONSO_Q;C;0,75;0,913834369
BCEF_CONSO_Q;C;1;0,891642433
BCEF_CONSO_Q;C;1,25;0,869882927
BCEF_CONSO_Q;C;1,5;0,847900666
BCEF_CONSO_Q;C;1,75;0,825813492
BCEF_CONSO_Q;C;2;0,806454888
BCEF_CONSO_Q;C;2,25;0,787581071
BCEF_CONSO_Q;C;2,5;0,768798684
BCEF_CONSO_Q;C;2,75;0,750239698
BCEF_CONSO_Q;C;3;0,734080015
BCEF_CONSO_Q;C;3,25;0,718400177
BCEF_CONSO_Q;C;3,5;0,702771932
BCEF_CONSO_Q;C;3,75;0,687528317
BCEF_CONSO_Q;C;4;0,674351106
BCEF_CONSO_Q;C;4,25;0,66173998
BCEF_CONSO_Q;C;4,5;0,649368297
BCEF_CONSO_Q;C;4,75;0,637248611
BCEF_CONSO_Q;C;5;0,62686679
BCEF_CONSO_Q;C;5,25;0,617007787
BCEF_CONSO_Q;C;5,5;0,607310173
BCEF_CONSO_Q;C;5,75;0,597797322
BCEF_CONSO_Q;C;6;0,589721739
BCEF_CONSO_Q;C;6,25;0,58207912
BCEF_CONSO_Q;C;6,5;0,574546913
BCEF_CONSO_Q;C;6,75;0,567279128
BCEF_CONSO_Q;C;7;0,561197233
BCEF_CONSO_Q;C;7,25;0,555477028
BCEF_CONSO_Q;C;7,5;0,549851906
BCEF_CONSO_Q;C;7,75;0,544414031
BCEF_CONSO_Q;C;8;0,53989725
BCEF_CONSO_Q;C;8,25;0,535667105
BCEF_CONSO_Q;C;8,5;0,531560937
BCEF_CONSO_Q;C;8,75;0,527588245
BCEF_CONSO_Q;C;9;0,524359612
BCEF_CONSO_Q;C;9,25;0,521313109
BCEF_CONSO_Q;C;9,5;0,518397347
BCEF_CONSO_Q;C;9,75;0,515576447
BCEF_CONSO_Q;C;10;0,513240089
BCEF_CONSO_Q;C;10,25;0,511075535
BCEF_CONSO_Q;C;10,5;0,509012673
BCEF_CONSO_Q;C;10,75;0,507059743
BCEF_CONSO_Q;C;11;0,505497252
BCEF_CONSO_Q;C;11,25;0,504111945
BCEF_CONSO_Q;C;11,5;0,502824816
BCEF_CONSO_Q;C;11,75;0,501723847
BCEF_CONSO_Q;C;12;0,50096485
BCEF_CONSO_Q;C;12,25;0,500272017
BCEF_CONSO_Q;C;12,5;0,499645514
BCEF_CONSO_Q;C;12,75;0,49907755
BCEF_CONSO_Q;C;13;0,498627021
BCEF_CONSO_Q;C;13,25;0,498235494
BCEF_CONSO_Q;C;13,5;0,49788695
BCEF_CONSO_Q;C;13,75;0,49758661
BCEF_CONSO_Q;C;14;0,497361124
BCEF_CONSO_Q;C;14,25;0,497176377
BCEF_CONSO_Q;C;14,5;0,497019998
BCEF_CONSO_Q;C;14,75;0,496891885
BCEF_CONSO_Q;C;15;0,496795512
BCEF_CONSO_Q;C;15,25;0,49671357
BCEF_CONSO_Q;C;15,5;0,496641069
BCEF_CONSO_Q;C;15,75;0,496580855
BCEF_CONSO_Q;C;16;0,496535229
BCEF_CONSO_Q;C;16,25;0,496496806
BCEF_CONSO_Q;C;16,5;0,496465265
BCEF_CONSO_Q;C;16,75;0,496442816
BCEF_CONSO_Q;C;17;0,496425955
BCEF_CONSO_Q;C;17,25;0,496412019
BCEF_CONSO_Q;C;17,5;0,496400059
BCEF_CONSO_Q;C;17,75;0,496392658
BCEF_CONSO_Q;C;18;0,496387316
BCEF_CONSO_Q;C;18,25;0,496382991
BCEF_CONSO_Q;C;18,5;0,496379438
BCEF_CONSO_Q;C;18,75;0,496377722
BCEF_CONSO_Q;C;19;0,496376503
BCEF_CONSO_Q;C;19,25;0,49637552
BCEF_CONSO_Q;C;19,5;0,496374705
BCEF_CONSO_Q;C;19,75;0,496374036
BCEF_CONSO_Q;C;20;0,496373555
BCEF_CONSO_Q;C;20,25;0,496373173
BCEF_CONSO_Q;C;20,5;0,496372863
BCEF_CONSO_Q;C;20,75;0,496372613
BCEF_CONSO_Q;C;21;0,496372436
BCEF_CONSO_Q;C;21,25;0,496372301
BCEF_CONSO_Q;C;21,5;0,496372175
BCEF_CONSO_Q;C;21,75;0,496372175
BCEF_CONSO_Q;C;22;0,496372175
BCEF_CONSO_Q;C;22,25;0,496372175
BCEF_CONSO_Q;C;22,5;0,496372175
BCEF_CONSO_Q;C;22,75;0,496372175
BCEF_CONSO_Q;C;23;0,496372175
BCEF_CONSO_Q;C;23,25;0,496372175
BCEF_CONSO_Q;C;23,5;0,496372175
BCEF_CONSO_Q;C;23,75;0,496372175
BCEF_CONSO_Q;C;24;0,496372175
BCEF_CONSO_Q;C;24,25;0,496372175
BCEF_CONSO_Q;C;24,5;0,496372175
BCEF_CONSO_Q;C;24,75;0,496372175
BCEF_CONSO_Q;C;25;0,496372175
BCEF_CONSO_Q;C;25,25;0,496372175
BCEF_CONSO_Q;C;25,5;0,496372175
BCEF_CONSO_Q;C;25,75;0,496372175
BCEF_CONSO_Q;C;26;0,496372175
BCEF_CONSO_Q;C;26,25;0,496372175
BCEF_CONSO_Q;C;26,5;0,496372175
BCEF_CONSO_Q;C;26,75;0,496372175
BCEF_CONSO_Q;C;27;0,496372175
BCEF_CONSO_Q;C;27,25;0,496372175
BCEF_CONSO_Q;C;27,5;0,496372175
BCEF_CONSO_Q;C;27,75;0,496372175
BCEF_CONSO_Q;C;28;0,496372175
BCEF_CONSO_Q;C;28,25;0,496372175
BCEF_CONSO_Q;C;28,5;0,496372175
BCEF_CONSO_Q;C;28,75;0,496372175
BCEF_CONSO_Q;C;29;0,496372175
BCEF_CONSO_Q;C;29,25;0,496372175
BCEF_CONSO_Q;C;29,5;0,496372175
BCEF_CONSO_Q;C;29,75;0,496372175
BCEF_CONSO_Q;C;30;0,496372175
BCEF_CONSO_Q;C;30,25;0,496372175
BCEF_CONSO_Q;C;30,5;0,496372175
BCEF_CONSO_Q;C;30,75;0,496372175
BCEF_CONSO_Q;C;31;0,496372175
BCEF_CONSO_Q;C;31,25;0,496372175
BCEF_CONSO_Q;C;31,5;0,496372175
BCEF_CONSO_Q;C;31,75;0,496372175
BCEF_CONSO_Q;C;32;0,496372175
BCEF_CONSO_Q;C;32,25;0,496372175
BCEF_CONSO_Q;C;32,5;0,496372175
BCEF_CONSO_Q;C;32,75;0,496372175
BCEF_CONSO_Q;C;33;0,496372175
BCEF_CONSO_Q;C;33,25;0,496372175
BCEF_CONSO_Q;C;33,5;0,496372175
BCEF_CONSO_Q;C;33,75;0,496372175
BCEF_CONSO_Q;C;34;0,496372175
BCEF_CONSO_Q;C;34,25;0,496372175
BCEF_CONSO_Q;C;34,5;0,496372175
BCEF_CONSO_Q;C;34,75;0,496372175
BCEF_CONSO_Q;C;35;0,496372175
BCEF_CONSO_Q;C;35,25;0,496372175
BCEF_CONSO_Q;C;35,5;0,496372175
BCEF_CONSO_Q;C;35,75;0,496372175
BCEF_CONSO_Q;C;36;0,496372175
BCEF_CONSO_Q;C;36,25;0,496372175
BCEF_CONSO_Q;C;36,5;0,496372175
BCEF_CONSO_Q;C;36,75;0,496372175
BCEF_CONSO_Q;C;37;0,496372175
BCEF_CONSO_Q;C;37,25;0,496372175
BCEF_CONSO_Q;C;37,5;0,496372175
BCEF_CONSO_Q;C;37,75;0,496372175
BCEF_CONSO_Q;C;38;0,496372175
BCEF_CONSO_Q;C;38,25;0,496372175
BCEF_CONSO_Q;C;38,5;0,496372175
BCEF_CONSO_Q;C;38,75;0,496372175
BCEF_CONSO_Q;C;39;0,496372175
BCEF_CONSO_Q;C;39,25;0,496372175
BCEF_CONSO_Q;C;39,5;0,496372175
BCEF_CONSO_Q;C;39,75;0,496372175
BCEF_CONSO_Q;C;40;0,496372175
BCEF_CONSO_Q;C;40,25;0,496372175
BCEF_CONSO_Q;C;40,5;0,496372175
BCEF_CONSO_Q;C;40,75;0,496372175
BCEF_CONSO_Q;C;41;0,496372175
BCEF_CONSO_Q;C;41,25;0,496372175
BCEF_CONSO_Q;C;41,5;0,496372175
BCEF_CONSO_Q;C;41,75;0,496372175
BCEF_CONSO_Q;C;42;0,496372175
BCEF_CONSO_Q;C;42,25;0,496372175
BCEF_CONSO_Q;C;42,5;0,496372175
BCEF_CONSO_Q;C;42,75;0,496372175
BCEF_CONSO_Q;C;43;0,496372175
BCEF_CONSO_Q;C;43,25;0,496372175
BCEF_CONSO_Q;C;43,5;0,496372175
BCEF_CONSO_Q;C;43,75;0,496372175
BCEF_CONSO_Q;C;44;0,496372175
BCEF_CONSO_Q;C;44,25;0,496372175
BCEF_CONSO_Q;C;44,5;0,496372175
BCEF_CONSO_Q;C;44,75;0,496372175
BCEF_CONSO_Q;C;45;0,496372175
BCEF_CONSO_Q;C;45,25;0,496372175
BCEF_CONSO_Q;C;45,5;0,496372175
BCEF_CONSO_Q;C;45,75;0,496372175
BCEF_CONSO_Q;C;46;0,496372175
BCEF_CONSO_Q;C;46,25;0,496372175
BCEF_CONSO_Q;C;46,5;0,496372175
BCEF_CONSO_Q;C;46,75;0,496372175
BCEF_CONSO_Q;C;47;0,496372175
BCEF_CONSO_Q;C;47,25;0,496372175
BCEF_CONSO_Q;C;47,5;0,496372175
BCEF_CONSO_Q;C;47,75;0,496372175
BCEF_CONSO_Q;C;48;0,496372175
BCEF_CONSO_Q;C;48,25;0,496372175
BCEF_CONSO_Q;C;48,5;0,496372175
BCEF_CONSO_Q;C;48,75;0,496372175
BCEF_CONSO_Q;C;49;0,496372175
BCEF_CONSO_Q;C;49,25;0,496372175
BCEF_CONSO_Q;C;49,5;0,496372175
BCEF_CONSO_Q;C;49,75;0,496372175
BCEF_CONSO_Q;C;50;0,496372175
BCEF_CONSO_Q;C;50,25;0,496372175
BCEF_CONSO_Q;C;100;0,496372175
BCEF_CONSO_Q;O;0;0,987451416
BCEF_CONSO_Q;O;0,25;0,963408212
BCEF_CONSO_Q;O;0,5;0,938787353
BCEF_CONSO_Q;O;0,75;0,913834369
BCEF_CONSO_Q;O;1;0,891642433
BCEF_CONSO_Q;O;1,25;0,869882927
BCEF_CONSO_Q;O;1,5;0,847900666
BCEF_CONSO_Q;O;1,75;0,825813492
BCEF_CONSO_Q;O;2;0,806454888
BCEF_CONSO_Q;O;2,25;0,787581071
BCEF_CONSO_Q;O;2,5;0,768798684
BCEF_CONSO_Q;O;2,75;0,750239698
BCEF_CONSO_Q;O;3;0,734080015
BCEF_CONSO_Q;O;3,25;0,718400177
BCEF_CONSO_Q;O;3,5;0,702771932
BCEF_CONSO_Q;O;3,75;0,687528317
BCEF_CONSO_Q;O;4;0,674351106
BCEF_CONSO_Q;O;4,25;0,66173998
BCEF_CONSO_Q;O;4,5;0,649368297
BCEF_CONSO_Q;O;4,75;0,637248611
BCEF_CONSO_Q;O;5;0,62686679
BCEF_CONSO_Q;O;5,25;0,617007787
BCEF_CONSO_Q;O;5,5;0,607310173
BCEF_CONSO_Q;O;5,75;0,597797322
BCEF_CONSO_Q;O;6;0,589721739
BCEF_CONSO_Q;O;6,25;0,58207912
BCEF_CONSO_Q;O;6,5;0,574546913
BCEF_CONSO_Q;O;6,75;0,567279128
BCEF_CONSO_Q;O;7;0,561197233
BCEF_CONSO_Q;O;7,25;0,555477028
BCEF_CONSO_Q;O;7,5;0,549851906
BCEF_CONSO_Q;O;7,75;0,544414031
BCEF_CONSO_Q;O;8;0,53989725
BCEF_CONSO_Q;O;8,25;0,535667105
BCEF_CONSO_Q;O;8,5;0,531560937
BCEF_CONSO_Q;O;8,75;0,527588245
BCEF_CONSO_Q;O;9;0,524359612
BCEF_CONSO_Q;O;9,25;0,521313109
BCEF_CONSO_Q;O;9,5;0,518397347
BCEF_CONSO_Q;O;9,75;0,515576447
BCEF_CONSO_Q;O;10;0,513240089
BCEF_CONSO_Q;O;10,25;0,511075535
BCEF_CONSO_Q;O;10,5;0,509012673
BCEF_CONSO_Q;O;10,75;0,507059743
BCEF_CONSO_Q;O;11;0,505497252
BCEF_CONSO_Q;O;11,25;0,504111945
BCEF_CONSO_Q;O;11,5;0,502824816
BCEF_CONSO_Q;O;11,75;0,501723847
BCEF_CONSO_Q;O;12;0,50096485
BCEF_CONSO_Q;O;12,25;0,500272017
BCEF_CONSO_Q;O;12,5;0,499645514
BCEF_CONSO_Q;O;12,75;0,49907755
BCEF_CONSO_Q;O;13;0,498627021
BCEF_CONSO_Q;O;13,25;0,498235494
BCEF_CONSO_Q;O;13,5;0,49788695
BCEF_CONSO_Q;O;13,75;0,49758661
BCEF_CONSO_Q;O;14;0,497361124
BCEF_CONSO_Q;O;14,25;0,497176377
BCEF_CONSO_Q;O;14,5;0,497019998
BCEF_CONSO_Q;O;14,75;0,496891885
BCEF_CONSO_Q;O;15;0,496795512
BCEF_CONSO_Q;O;15,25;0,49671357
BCEF_CONSO_Q;O;15,5;0,496641069
BCEF_CONSO_Q;O;15,75;0,496580855
BCEF_CONSO_Q;O;16;0,496535229
BCEF_CONSO_Q;O;16,25;0,496496806
BCEF_CONSO_Q;O;16,5;0,496465265
BCEF_CONSO_Q;O;16,75;0,496442816
BCEF_CONSO_Q;O;17;0,496425955
BCEF_CONSO_Q;O;17,25;0,496412019
BCEF_CONSO_Q;O;17,5;0,496400059
BCEF_CONSO_Q;O;17,75;0,496392658
BCEF_CONSO_Q;O;18;0,496387316
BCEF_CONSO_Q;O;18,25;0,496382991
BCEF_CONSO_Q;O;18,5;0,496379438
BCEF_CONSO_Q;O;18,75;0,496377722
BCEF_CONSO_Q;O;19;0,496376503
BCEF_CONSO_Q;O;19,25;0,49637552
BCEF_CONSO_Q;O;19,5;0,496374705
BCEF_CONSO_Q;O;19,75;0,496374036
BCEF_CONSO_Q;O;20;0,496373555
BCEF_CONSO_Q;O;20,25;0,496373173
BCEF_CONSO_Q;O;20,5;0,496372863
BCEF_CONSO_Q;O;20,75;0,496372613
BCEF_CONSO_Q;O;21;0,496372436
BCEF_CONSO_Q;O;21,25;0,496372301
BCEF_CONSO_Q;O;21,5;0,496372175
BCEF_CONSO_Q;O;21,75;0,496372175
BCEF_CONSO_Q;O;22;0,496372175
BCEF_CONSO_Q;O;22,25;0,496372175
BCEF_CONSO_Q;O;22,5;0,496372175
BCEF_CONSO_Q;O;22,75;0,496372175
BCEF_CONSO_Q;O;23;0,496372175
BCEF_CONSO_Q;O;23,25;0,496372175
BCEF_CONSO_Q;O;23,5;0,496372175
BCEF_CONSO_Q;O;23,75;0,496372175
BCEF_CONSO_Q;O;24;0,496372175
BCEF_CONSO_Q;O;24,25;0,496372175
BCEF_CONSO_Q;O;24,5;0,496372175
BCEF_CONSO_Q;O;24,75;0,496372175
BCEF_CONSO_Q;O;25;0,496372175
BCEF_CONSO_Q;O;25,25;0,496372175
BCEF_CONSO_Q;O;25,5;0,496372175
BCEF_CONSO_Q;O;25,75;0,496372175
BCEF_CONSO_Q;O;26;0,496372175
BCEF_CONSO_Q;O;26,25;0,496372175
BCEF_CONSO_Q;O;26,5;0,496372175
BCEF_CONSO_Q;O;26,75;0,496372175
BCEF_CONSO_Q;O;27;0,496372175
BCEF_CONSO_Q;O;27,25;0,496372175
BCEF_CONSO_Q;O;27,5;0,496372175
BCEF_CONSO_Q;O;27,75;0,496372175
BCEF_CONSO_Q;O;28;0,496372175
BCEF_CONSO_Q;O;28,25;0,496372175
BCEF_CONSO_Q;O;28,5;0,496372175
BCEF_CONSO_Q;O;28,75;0,496372175
BCEF_CONSO_Q;O;29;0,496372175
BCEF_CONSO_Q;O;29,25;0,496372175
BCEF_CONSO_Q;O;29,5;0,496372175
BCEF_CONSO_Q;O;29,75;0,496372175
BCEF_CONSO_Q;O;30;0,496372175
BCEF_CONSO_Q;O;30,25;0,496372175
BCEF_CONSO_Q;O;30,5;0,496372175
BCEF_CONSO_Q;O;30,75;0,496372175
BCEF_CONSO_Q;O;31;0,496372175
BCEF_CONSO_Q;O;31,25;0,496372175
BCEF_CONSO_Q;O;31,5;0,496372175
BCEF_CONSO_Q;O;31,75;0,496372175
BCEF_CONSO_Q;O;32;0,496372175
BCEF_CONSO_Q;O;32,25;0,496372175
BCEF_CONSO_Q;O;32,5;0,496372175
BCEF_CONSO_Q;O;32,75;0,496372175
BCEF_CONSO_Q;O;33;0,496372175
BCEF_CONSO_Q;O;33,25;0,496372175
BCEF_CONSO_Q;O;33,5;0,496372175
BCEF_CONSO_Q;O;33,75;0,496372175
BCEF_CONSO_Q;O;34;0,496372175
BCEF_CONSO_Q;O;34,25;0,496372175
BCEF_CONSO_Q;O;34,5;0,496372175
BCEF_CONSO_Q;O;34,75;0,496372175
BCEF_CONSO_Q;O;35;0,496372175
BCEF_CONSO_Q;O;35,25;0,496372175
BCEF_CONSO_Q;O;35,5;0,496372175
BCEF_CONSO_Q;O;35,75;0,496372175
BCEF_CONSO_Q;O;36;0,496372175
BCEF_CONSO_Q;O;36,25;0,496372175
BCEF_CONSO_Q;O;36,5;0,496372175
BCEF_CONSO_Q;O;36,75;0,496372175
BCEF_CONSO_Q;O;37;0,496372175
BCEF_CONSO_Q;O;37,25;0,496372175
BCEF_CONSO_Q;O;37,5;0,496372175
BCEF_CONSO_Q;O;37,75;0,496372175
BCEF_CONSO_Q;O;38;0,496372175
BCEF_CONSO_Q;O;38,25;0,496372175
BCEF_CONSO_Q;O;38,5;0,496372175
BCEF_CONSO_Q;O;38,75;0,496372175
BCEF_CONSO_Q;O;39;0,496372175
BCEF_CONSO_Q;O;39,25;0,496372175
BCEF_CONSO_Q;O;39,5;0,496372175
BCEF_CONSO_Q;O;39,75;0,496372175
BCEF_CONSO_Q;O;40;0,496372175
BCEF_CONSO_Q;O;40,25;0,496372175
BCEF_CONSO_Q;O;40,5;0,496372175
BCEF_CONSO_Q;O;40,75;0,496372175
BCEF_CONSO_Q;O;41;0,496372175
BCEF_CONSO_Q;O;41,25;0,496372175
BCEF_CONSO_Q;O;41,5;0,496372175
BCEF_CONSO_Q;O;41,75;0,496372175
BCEF_CONSO_Q;O;42;0,496372175
BCEF_CONSO_Q;O;42,25;0,496372175
BCEF_CONSO_Q;O;42,5;0,496372175
BCEF_CONSO_Q;O;42,75;0,496372175
BCEF_CONSO_Q;O;43;0,496372175
BCEF_CONSO_Q;O;43,25;0,496372175
BCEF_CONSO_Q;O;43,5;0,496372175
BCEF_CONSO_Q;O;43,75;0,496372175
BCEF_CONSO_Q;O;44;0,496372175
BCEF_CONSO_Q;O;44,25;0,496372175
BCEF_CONSO_Q;O;44,5;0,496372175
BCEF_CONSO_Q;O;44,75;0,496372175
BCEF_CONSO_Q;O;45;0,496372175
BCEF_CONSO_Q;O;45,25;0,496372175
BCEF_CONSO_Q;O;45,5;0,496372175
BCEF_CONSO_Q;O;45,75;0,496372175
BCEF_CONSO_Q;O;46;0,496372175
BCEF_CONSO_Q;O;46,25;0,496372175
BCEF_CONSO_Q;O;46,5;0,496372175
BCEF_CONSO_Q;O;46,75;0,496372175
BCEF_CONSO_Q;O;47;0,496372175
BCEF_CONSO_Q;O;47,25;0,496372175
BCEF_CONSO_Q;O;47,5;0,496372175
BCEF_CONSO_Q;O;47,75;0,496372175
BCEF_CONSO_Q;O;48;0,496372175
BCEF_CONSO_Q;O;48,25;0,496372175
BCEF_CONSO_Q;O;48,5;0,496372175
BCEF_CONSO_Q;O;48,75;0,496372175
BCEF_CONSO_Q;O;49;0,496372175
BCEF_CONSO_Q;O;49,25;0,496372175
BCEF_CONSO_Q;O;49,5;0,496372175
BCEF_CONSO_Q;O;49,75;0,496372175
BCEF_CONSO_Q;O;50;0,496372175
BCEF_CONSO_Q;O;50,25;0,496372175
BCEF_CONSO_Q;O;100;0,496372175
BCEF_CONSO_Q;A;0;0,987451416
BCEF_CONSO_Q;A;0,25;0,963408212
BCEF_CONSO_Q;A;0,5;0,938787353
BCEF_CONSO_Q;A;0,75;0,913834369
BCEF_CONSO_Q;A;1;0,891642433
BCEF_CONSO_Q;A;1,25;0,869882927
BCEF_CONSO_Q;A;1,5;0,847900666
BCEF_CONSO_Q;A;1,75;0,825813492
BCEF_CONSO_Q;A;2;0,806454888
BCEF_CONSO_Q;A;2,25;0,787581071
BCEF_CONSO_Q;A;2,5;0,768798684
BCEF_CONSO_Q;A;2,75;0,750239698
BCEF_CONSO_Q;A;3;0,734080015
BCEF_CONSO_Q;A;3,25;0,718400177
BCEF_CONSO_Q;A;3,5;0,702771932
BCEF_CONSO_Q;A;3,75;0,687528317
BCEF_CONSO_Q;A;4;0,674351106
BCEF_CONSO_Q;A;4,25;0,66173998
BCEF_CONSO_Q;A;4,5;0,649368297
BCEF_CONSO_Q;A;4,75;0,637248611
BCEF_CONSO_Q;A;5;0,62686679
BCEF_CONSO_Q;A;5,25;0,617007787
BCEF_CONSO_Q;A;5,5;0,607310173
BCEF_CONSO_Q;A;5,75;0,597797322
BCEF_CONSO_Q;A;6;0,589721739
BCEF_CONSO_Q;A;6,25;0,58207912
BCEF_CONSO_Q;A;6,5;0,574546913
BCEF_CONSO_Q;A;6,75;0,567279128
BCEF_CONSO_Q;A;7;0,561197233
BCEF_CONSO_Q;A;7,25;0,555477028
BCEF_CONSO_Q;A;7,5;0,549851906
BCEF_CONSO_Q;A;7,75;0,544414031
BCEF_CONSO_Q;A;8;0,53989725
BCEF_CONSO_Q;A;8,25;0,535667105
BCEF_CONSO_Q;A;8,5;0,531560937
BCEF_CONSO_Q;A;8,75;0,527588245
BCEF_CONSO_Q;A;9;0,524359612
BCEF_CONSO_Q;A;9,25;0,521313109
BCEF_CONSO_Q;A;9,5;0,518397347
BCEF_CONSO_Q;A;9,75;0,515576447
BCEF_CONSO_Q;A;10;0,513240089
BCEF_CONSO_Q;A;10,25;0,511075535
BCEF_CONSO_Q;A;10,5;0,509012673
BCEF_CONSO_Q;A;10,75;0,507059743
BCEF_CONSO_Q;A;11;0,505497252
BCEF_CONSO_Q;A;11,25;0,504111945
BCEF_CONSO_Q;A;11,5;0,502824816
BCEF_CONSO_Q;A;11,75;0,501723847
BCEF_CONSO_Q;A;12;0,50096485
BCEF_CONSO_Q;A;12,25;0,500272017
BCEF_CONSO_Q;A;12,5;0,499645514
BCEF_CONSO_Q;A;12,75;0,49907755
BCEF_CONSO_Q;A;13;0,498627021
BCEF_CONSO_Q;A;13,25;0,498235494
BCEF_CONSO_Q;A;13,5;0,49788695
BCEF_CONSO_Q;A;13,75;0,49758661
BCEF_CONSO_Q;A;14;0,497361124
BCEF_CONSO_Q;A;14,25;0,497176377
BCEF_CONSO_Q;A;14,5;0,497019998
BCEF_CONSO_Q;A;14,75;0,496891885
BCEF_CONSO_Q;A;15;0,496795512
BCEF_CONSO_Q;A;15,25;0,49671357
BCEF_CONSO_Q;A;15,5;0,496641069
BCEF_CONSO_Q;A;15,75;0,496580855
BCEF_CONSO_Q;A;16;0,496535229
BCEF_CONSO_Q;A;16,25;0,496496806
BCEF_CONSO_Q;A;16,5;0,496465265
BCEF_CONSO_Q;A;16,75;0,496442816
BCEF_CONSO_Q;A;17;0,496425955
BCEF_CONSO_Q;A;17,25;0,496412019
BCEF_CONSO_Q;A;17,5;0,496400059
BCEF_CONSO_Q;A;17,75;0,496392658
BCEF_CONSO_Q;A;18;0,496387316
BCEF_CONSO_Q;A;18,25;0,496382991
BCEF_CONSO_Q;A;18,5;0,496379438
BCEF_CONSO_Q;A;18,75;0,496377722
BCEF_CONSO_Q;A;19;0,496376503
BCEF_CONSO_Q;A;19,25;0,49637552
BCEF_CONSO_Q;A;19,5;0,496374705
BCEF_CONSO_Q;A;19,75;0,496374036
BCEF_CONSO_Q;A;20;0,496373555
BCEF_CONSO_Q;A;20,25;0,496373173
BCEF_CONSO_Q;A;20,5;0,496372863
BCEF_CONSO_Q;A;20,75;0,496372613
BCEF_CONSO_Q;A;21;0,496372436
BCEF_CONSO_Q;A;21,25;0,496372301
BCEF_CONSO_Q;A;21,5;0,496372175
BCEF_CONSO_Q;A;21,75;0,496372175
BCEF_CONSO_Q;A;22;0,496372175
BCEF_CONSO_Q;A;22,25;0,496372175
BCEF_CONSO_Q;A;22,5;0,496372175
BCEF_CONSO_Q;A;22,75;0,496372175
BCEF_CONSO_Q;A;23;0,496372175
BCEF_CONSO_Q;A;23,25;0,496372175
BCEF_CONSO_Q;A;23,5;0,496372175
BCEF_CONSO_Q;A;23,75;0,496372175
BCEF_CONSO_Q;A;24;0,496372175
BCEF_CONSO_Q;A;24,25;0,496372175
BCEF_CONSO_Q;A;24,5;0,496372175
BCEF_CONSO_Q;A;24,75;0,496372175
BCEF_CONSO_Q;A;25;0,496372175
BCEF_CONSO_Q;A;25,25;0,496372175
BCEF_CONSO_Q;A;25,5;0,496372175
BCEF_CONSO_Q;A;25,75;0,496372175
BCEF_CONSO_Q;A;26;0,496372175
BCEF_CONSO_Q;A;26,25;0,496372175
BCEF_CONSO_Q;A;26,5;0,496372175
BCEF_CONSO_Q;A;26,75;0,496372175
BCEF_CONSO_Q;A;27;0,496372175
BCEF_CONSO_Q;A;27,25;0,496372175
BCEF_CONSO_Q;A;27,5;0,496372175
BCEF_CONSO_Q;A;27,75;0,496372175
BCEF_CONSO_Q;A;28;0,496372175
BCEF_CONSO_Q;A;28,25;0,496372175
BCEF_CONSO_Q;A;28,5;0,496372175
BCEF_CONSO_Q;A;28,75;0,496372175
BCEF_CONSO_Q;A;29;0,496372175
BCEF_CONSO_Q;A;29,25;0,496372175
BCEF_CONSO_Q;A;29,5;0,496372175
BCEF_CONSO_Q;A;29,75;0,496372175
BCEF_CONSO_Q;A;30;0,496372175
BCEF_CONSO_Q;A;30,25;0,496372175
BCEF_CONSO_Q;A;30,5;0,496372175
BCEF_CONSO_Q;A;30,75;0,496372175
BCEF_CONSO_Q;A;31;0,496372175
BCEF_CONSO_Q;A;31,25;0,496372175
BCEF_CONSO_Q;A;31,5;0,496372175
BCEF_CONSO_Q;A;31,75;0,496372175
BCEF_CONSO_Q;A;32;0,496372175
BCEF_CONSO_Q;A;32,25;0,496372175
BCEF_CONSO_Q;A;32,5;0,496372175
BCEF_CONSO_Q;A;32,75;0,496372175
BCEF_CONSO_Q;A;33;0,496372175
BCEF_CONSO_Q;A;33,25;0,496372175
BCEF_CONSO_Q;A;33,5;0,496372175
BCEF_CONSO_Q;A;33,75;0,496372175
BCEF_CONSO_Q;A;34;0,496372175
BCEF_CONSO_Q;A;34,25;0,496372175
BCEF_CONSO_Q;A;34,5;0,496372175
BCEF_CONSO_Q;A;34,75;0,496372175
BCEF_CONSO_Q;A;35;0,496372175
BCEF_CONSO_Q;A;35,25;0,496372175
BCEF_CONSO_Q;A;35,5;0,496372175
BCEF_CONSO_Q;A;35,75;0,496372175
BCEF_CONSO_Q;A;36;0,496372175
BCEF_CONSO_Q;A;36,25;0,496372175
BCEF_CONSO_Q;A;36,5;0,496372175
BCEF_CONSO_Q;A;36,75;0,496372175
BCEF_CONSO_Q;A;37;0,496372175
BCEF_CONSO_Q;A;37,25;0,496372175
BCEF_CONSO_Q;A;37,5;0,496372175
BCEF_CONSO_Q;A;37,75;0,496372175
BCEF_CONSO_Q;A;38;0,496372175
BCEF_CONSO_Q;A;38,25;0,496372175
BCEF_CONSO_Q;A;38,5;0,496372175
BCEF_CONSO_Q;A;38,75;0,496372175
BCEF_CONSO_Q;A;39;0,496372175
BCEF_CONSO_Q;A;39,25;0,496372175
BCEF_CONSO_Q;A;39,5;0,496372175
BCEF_CONSO_Q;A;39,75;0,496372175
BCEF_CONSO_Q;A;40;0,496372175
BCEF_CONSO_Q;A;40,25;0,496372175
BCEF_CONSO_Q;A;40,5;0,496372175
BCEF_CONSO_Q;A;40,75;0,496372175
BCEF_CONSO_Q;A;41;0,496372175
BCEF_CONSO_Q;A;41,25;0,496372175
BCEF_CONSO_Q;A;41,5;0,496372175
BCEF_CONSO_Q;A;41,75;0,496372175
BCEF_CONSO_Q;A;42;0,496372175
BCEF_CONSO_Q;A;42,25;0,496372175
BCEF_CONSO_Q;A;42,5;0,496372175
BCEF_CONSO_Q;A;42,75;0,496372175
BCEF_CONSO_Q;A;43;0,496372175
BCEF_CONSO_Q;A;43,25;0,496372175
BCEF_CONSO_Q;A;43,5;0,496372175
BCEF_CONSO_Q;A;43,75;0,496372175
BCEF_CONSO_Q;A;44;0,496372175
BCEF_CONSO_Q;A;44,25;0,496372175
BCEF_CONSO_Q;A;44,5;0,496372175
BCEF_CONSO_Q;A;44,75;0,496372175
BCEF_CONSO_Q;A;45;0,496372175
BCEF_CONSO_Q;A;45,25;0,496372175
BCEF_CONSO_Q;A;45,5;0,496372175
BCEF_CONSO_Q;A;45,75;0,496372175
BCEF_CONSO_Q;A;46;0,496372175
BCEF_CONSO_Q;A;46,25;0,496372175
BCEF_CONSO_Q;A;46,5;0,496372175
BCEF_CONSO_Q;A;46,75;0,496372175
BCEF_CONSO_Q;A;47;0,496372175
BCEF_CONSO_Q;A;47,25;0,496372175
BCEF_CONSO_Q;A;47,5;0,496372175
BCEF_CONSO_Q;A;47,75;0,496372175
BCEF_CONSO_Q;A;48;0,496372175
BCEF_CONSO_Q;A;48,25;0,496372175
BCEF_CONSO_Q;A;48,5;0,496372175
BCEF_CONSO_Q;A;48,75;0,496372175
BCEF_CONSO_Q;A;49;0,496372175
BCEF_CONSO_Q;A;49,25;0,496372175
BCEF_CONSO_Q;A;49,5;0,496372175
BCEF_CONSO_Q;A;49,75;0,496372175
BCEF_CONSO_Q;A;50;0,496372175
BCEF_CONSO_Q;A;50,25;0,496372175
BCEF_CONSO_Q;A;100;0,496372175
BCEF_CONSO_Q;E;0;0,987451416
BCEF_CONSO_Q;E;0,25;0,963408212
BCEF_CONSO_Q;E;0,5;0,938787353
BCEF_CONSO_Q;E;0,75;0,913834369
BCEF_CONSO_Q;E;1;0,891642433
BCEF_CONSO_Q;E;1,25;0,869882927
BCEF_CONSO_Q;E;1,5;0,847900666
BCEF_CONSO_Q;E;1,75;0,825813492
BCEF_CONSO_Q;E;2;0,806454888
BCEF_CONSO_Q;E;2,25;0,787581071
BCEF_CONSO_Q;E;2,5;0,768798684
BCEF_CONSO_Q;E;2,75;0,750239698
BCEF_CONSO_Q;E;3;0,734080015
BCEF_CONSO_Q;E;3,25;0,718400177
BCEF_CONSO_Q;E;3,5;0,702771932
BCEF_CONSO_Q;E;3,75;0,687528317
BCEF_CONSO_Q;E;4;0,674351106
BCEF_CONSO_Q;E;4,25;0,66173998
BCEF_CONSO_Q;E;4,5;0,649368297
BCEF_CONSO_Q;E;4,75;0,637248611
BCEF_CONSO_Q;E;5;0,62686679
BCEF_CONSO_Q;E;5,25;0,617007787
BCEF_CONSO_Q;E;5,5;0,607310173
BCEF_CONSO_Q;E;5,75;0,597797322
BCEF_CONSO_Q;E;6;0,589721739
BCEF_CONSO_Q;E;6,25;0,58207912
BCEF_CONSO_Q;E;6,5;0,574546913
BCEF_CONSO_Q;E;6,75;0,567279128
BCEF_CONSO_Q;E;7;0,561197233
BCEF_CONSO_Q;E;7,25;0,555477028
BCEF_CONSO_Q;E;7,5;0,549851906
BCEF_CONSO_Q;E;7,75;0,544414031
BCEF_CONSO_Q;E;8;0,53989725
BCEF_CONSO_Q;E;8,25;0,535667105
BCEF_CONSO_Q;E;8,5;0,531560937
BCEF_CONSO_Q;E;8,75;0,527588245
BCEF_CONSO_Q;E;9;0,524359612
BCEF_CONSO_Q;E;9,25;0,521313109
BCEF_CONSO_Q;E;9,5;0,518397347
BCEF_CONSO_Q;E;9,75;0,515576447
BCEF_CONSO_Q;E;10;0,513240089
BCEF_CONSO_Q;E;10,25;0,511075535
BCEF_CONSO_Q;E;10,5;0,509012673
BCEF_CONSO_Q;E;10,75;0,507059743
BCEF_CONSO_Q;E;11;0,505497252
BCEF_CONSO_Q;E;11,25;0,504111945
BCEF_CONSO_Q;E;11,5;0,502824816
BCEF_CONSO_Q;E;11,75;0,501723847
BCEF_CONSO_Q;E;12;0,50096485
BCEF_CONSO_Q;E;12,25;0,500272017
BCEF_CONSO_Q;E;12,5;0,499645514
BCEF_CONSO_Q;E;12,75;0,49907755
BCEF_CONSO_Q;E;13;0,498627021
BCEF_CONSO_Q;E;13,25;0,498235494
BCEF_CONSO_Q;E;13,5;0,49788695
BCEF_CONSO_Q;E;13,75;0,49758661
BCEF_CONSO_Q;E;14;0,497361124
BCEF_CONSO_Q;E;14,25;0,497176377
BCEF_CONSO_Q;E;14,5;0,497019998
BCEF_CONSO_Q;E;14,75;0,496891885
BCEF_CONSO_Q;E;15;0,496795512
BCEF_CONSO_Q;E;15,25;0,49671357
BCEF_CONSO_Q;E;15,5;0,496641069
BCEF_CONSO_Q;E;15,75;0,496580855
BCEF_CONSO_Q;E;16;0,496535229
BCEF_CONSO_Q;E;16,25;0,496496806
BCEF_CONSO_Q;E;16,5;0,496465265
BCEF_CONSO_Q;E;16,75;0,496442816
BCEF_CONSO_Q;E;17;0,496425955
BCEF_CONSO_Q;E;17,25;0,496412019
BCEF_CONSO_Q;E;17,5;0,496400059
BCEF_CONSO_Q;E;17,75;0,496392658
BCEF_CONSO_Q;E;18;0,496387316
BCEF_CONSO_Q;E;18,25;0,496382991
BCEF_CONSO_Q;E;18,5;0,496379438
BCEF_CONSO_Q;E;18,75;0,496377722
BCEF_CONSO_Q;E;19;0,496376503
BCEF_CONSO_Q;E;19,25;0,49637552
BCEF_CONSO_Q;E;19,5;0,496374705
BCEF_CONSO_Q;E;19,75;0,496374036
BCEF_CONSO_Q;E;20;0,496373555
BCEF_CONSO_Q;E;20,25;0,496373173
BCEF_CONSO_Q;E;20,5;0,496372863
BCEF_CONSO_Q;E;20,75;0,496372613
BCEF_CONSO_Q;E;21;0,496372436
BCEF_CONSO_Q;E;21,25;0,496372301
BCEF_CONSO_Q;E;21,5;0,496372175
BCEF_CONSO_Q;E;21,75;0,496372175
BCEF_CONSO_Q;E;22;0,496372175
BCEF_CONSO_Q;E;22,25;0,496372175
BCEF_CONSO_Q;E;22,5;0,496372175
BCEF_CONSO_Q;E;22,75;0,496372175
BCEF_CONSO_Q;E;23;0,496372175
BCEF_CONSO_Q;E;23,25;0,496372175
BCEF_CONSO_Q;E;23,5;0,496372175
BCEF_CONSO_Q;E;23,75;0,496372175
BCEF_CONSO_Q;E;24;0,496372175
BCEF_CONSO_Q;E;24,25;0,496372175
BCEF_CONSO_Q;E;24,5;0,496372175
BCEF_CONSO_Q;E;24,75;0,496372175
BCEF_CONSO_Q;E;25;0,496372175
BCEF_CONSO_Q;E;25,25;0,496372175
BCEF_CONSO_Q;E;25,5;0,496372175
BCEF_CONSO_Q;E;25,75;0,496372175
BCEF_CONSO_Q;E;26;0,496372175
BCEF_CONSO_Q;E;26,25;0,496372175
BCEF_CONSO_Q;E;26,5;0,496372175
BCEF_CONSO_Q;E;26,75;0,496372175
BCEF_CONSO_Q;E;27;0,496372175
BCEF_CONSO_Q;E;27,25;0,496372175
BCEF_CONSO_Q;E;27,5;0,496372175
BCEF_CONSO_Q;E;27,75;0,496372175
BCEF_CONSO_Q;E;28;0,496372175
BCEF_CONSO_Q;E;28,25;0,496372175
BCEF_CONSO_Q;E;28,5;0,496372175
BCEF_CONSO_Q;E;28,75;0,496372175
BCEF_CONSO_Q;E;29;0,496372175
BCEF_CONSO_Q;E;29,25;0,496372175
BCEF_CONSO_Q;E;29,5;0,496372175
BCEF_CONSO_Q;E;29,75;0,496372175
BCEF_CONSO_Q;E;30;0,496372175
BCEF_CONSO_Q;E;30,25;0,496372175
BCEF_CONSO_Q;E;30,5;0,496372175
BCEF_CONSO_Q;E;30,75;0,496372175
BCEF_CONSO_Q;E;31;0,496372175
BCEF_CONSO_Q;E;31,25;0,496372175
BCEF_CONSO_Q;E;31,5;0,496372175
BCEF_CONSO_Q;E;31,75;0,496372175
BCEF_CONSO_Q;E;32;0,496372175
BCEF_CONSO_Q;E;32,25;0,496372175
BCEF_CONSO_Q;E;32,5;0,496372175
BCEF_CONSO_Q;E;32,75;0,496372175
BCEF_CONSO_Q;E;33;0,496372175
BCEF_CONSO_Q;E;33,25;0,496372175
BCEF_CONSO_Q;E;33,5;0,496372175
BCEF_CONSO_Q;E;33,75;0,496372175
BCEF_CONSO_Q;E;34;0,496372175
BCEF_CONSO_Q;E;34,25;0,496372175
BCEF_CONSO_Q;E;34,5;0,496372175
BCEF_CONSO_Q;E;34,75;0,496372175
BCEF_CONSO_Q;E;35;0,496372175
BCEF_CONSO_Q;E;35,25;0,496372175
BCEF_CONSO_Q;E;35,5;0,496372175
BCEF_CONSO_Q;E;35,75;0,496372175
BCEF_CONSO_Q;E;36;0,496372175
BCEF_CONSO_Q;E;36,25;0,496372175
BCEF_CONSO_Q;E;36,5;0,496372175
BCEF_CONSO_Q;E;36,75;0,496372175
BCEF_CONSO_Q;E;37;0,496372175
BCEF_CONSO_Q;E;37,25;0,496372175
BCEF_CONSO_Q;E;37,5;0,496372175
BCEF_CONSO_Q;E;37,75;0,496372175
BCEF_CONSO_Q;E;38;0,496372175
BCEF_CONSO_Q;E;38,25;0,496372175
BCEF_CONSO_Q;E;38,5;0,496372175
BCEF_CONSO_Q;E;38,75;0,496372175
BCEF_CONSO_Q;E;39;0,496372175
BCEF_CONSO_Q;E;39,25;0,496372175
BCEF_CONSO_Q;E;39,5;0,496372175
BCEF_CONSO_Q;E;39,75;0,496372175
BCEF_CONSO_Q;E;40;0,496372175
BCEF_CONSO_Q;E;40,25;0,496372175
BCEF_CONSO_Q;E;40,5;0,496372175
BCEF_CONSO_Q;E;40,75;0,496372175
BCEF_CONSO_Q;E;41;0,496372175
BCEF_CONSO_Q;E;41,25;0,496372175
BCEF_CONSO_Q;E;41,5;0,496372175
BCEF_CONSO_Q;E;41,75;0,496372175
BCEF_CONSO_Q;E;42;0,496372175
BCEF_CONSO_Q;E;42,25;0,496372175
BCEF_CONSO_Q;E;42,5;0,496372175
BCEF_CONSO_Q;E;42,75;0,496372175
BCEF_CONSO_Q;E;43;0,496372175
BCEF_CONSO_Q;E;43,25;0,496372175
BCEF_CONSO_Q;E;43,5;0,496372175
BCEF_CONSO_Q;E;43,75;0,496372175
BCEF_CONSO_Q;E;44;0,496372175
BCEF_CONSO_Q;E;44,25;0,496372175
BCEF_CONSO_Q;E;44,5;0,496372175
BCEF_CONSO_Q;E;44,75;0,496372175
BCEF_CONSO_Q;E;45;0,496372175
BCEF_CONSO_Q;E;45,25;0,496372175
BCEF_CONSO_Q;E;45,5;0,496372175
BCEF_CONSO_Q;E;45,75;0,496372175
BCEF_CONSO_Q;E;46;0,496372175
BCEF_CONSO_Q;E;46,25;0,496372175
BCEF_CONSO_Q;E;46,5;0,496372175
BCEF_CONSO_Q;E;46,75;0,496372175
BCEF_CONSO_Q;E;47;0,496372175
BCEF_CONSO_Q;E;47,25;0,496372175
BCEF_CONSO_Q;E;47,5;0,496372175
BCEF_CONSO_Q;E;47,75;0,496372175
BCEF_CONSO_Q;E;48;0,496372175
BCEF_CONSO_Q;E;48,25;0,496372175
BCEF_CONSO_Q;E;48,5;0,496372175
BCEF_CONSO_Q;E;48,75;0,496372175
BCEF_CONSO_Q;E;49;0,496372175
BCEF_CONSO_Q;E;49,25;0,496372175
BCEF_CONSO_Q;E;49,5;0,496372175
BCEF_CONSO_Q;E;49,75;0,496372175
BCEF_CONSO_Q;E;50;0,496372175
BCEF_CONSO_Q;E;50,25;0,496372175
BCEF_CONSO_Q;E;100;0,496372175
BCEF_MORTGAGE_Y;C;0;0,974373515
BCEF_MORTGAGE_Y;C;1;0,921877321
BCEF_MORTGAGE_Y;C;2;0,871828049
BCEF_MORTGAGE_Y;C;3;0,826210609
BCEF_MORTGAGE_Y;C;4;0,785734593
BCEF_MORTGAGE_Y;C;5;0,750231127
BCEF_MORTGAGE_Y;C;6;0,718391401
BCEF_MORTGAGE_Y;C;7;0,689068586
BCEF_MORTGAGE_Y;C;8;0,663213208
BCEF_MORTGAGE_Y;C;9;0,640024212
BCEF_MORTGAGE_Y;C;10;0,618789751
BCEF_MORTGAGE_Y;C;11;0,599119119
BCEF_MORTGAGE_Y;C;12;0,580836866
BCEF_MORTGAGE_Y;C;13;0,564145034
BCEF_MORTGAGE_Y;C;14;0,548947252
BCEF_MORTGAGE_Y;C;15;0,534896349
BCEF_MORTGAGE_Y;C;16;0,521907754
BCEF_MORTGAGE_Y;C;17;0,50988094
BCEF_MORTGAGE_Y;C;18;0,498701558
BCEF_MORTGAGE_Y;C;19;0,488310595
BCEF_MORTGAGE_Y;C;20;0,47858991
BCEF_MORTGAGE_Y;C;21;0,469561346
BCEF_MORTGAGE_Y;C;22;0,468143604
BCEF_MORTGAGE_Y;C;23;0,468143604
BCEF_MORTGAGE_Y;C;24;0,468143604
BCEF_MORTGAGE_Y;C;25;0,468143604
BCEF_MORTGAGE_Y;C;26;0,468143604
BCEF_MORTGAGE_Y;C;27;0,468143604
BCEF_MORTGAGE_Y;C;28;0,468143604
BCEF_MORTGAGE_Y;C;29;0,468143604
BCEF_MORTGAGE_Y;C;30;0,468143604
BCEF_MORTGAGE_Y;C;31;0,468143604
BCEF_MORTGAGE_Y;C;32;0,468143604
BCEF_MORTGAGE_Y;C;33;0,468143604
BCEF_MORTGAGE_Y;C;34;0,468143604
BCEF_MORTGAGE_Y;C;35;0,468143604
BCEF_MORTGAGE_Y;C;36;0,468143604
BCEF_MORTGAGE_Y;C;37;0,468143604
BCEF_MORTGAGE_Y;C;38;0,468143604
BCEF_MORTGAGE_Y;C;39;0,468143604
BCEF_MORTGAGE_Y;C;40;0,468143604
BCEF_MORTGAGE_Y;C;41;0,468143604
BCEF_MORTGAGE_Y;C;42;0,468143604
BCEF_MORTGAGE_Y;C;43;0,468143604
BCEF_MORTGAGE_Y;C;44;0,468143604
BCEF_MORTGAGE_Y;C;45;0,468143604
BCEF_MORTGAGE_Y;C;46;0,468143604
BCEF_MORTGAGE_Y;C;47;0,468143604
BCEF_MORTGAGE_Y;C;48;0,468143604
BCEF_MORTGAGE_Y;C;49;0,468143604
BCEF_MORTGAGE_Y;C;50;0,468143604
BCEF_MORTGAGE_Y;C;100;0,468143604
BCEF_MORTGAGE_Y;O;0;0,974373515
BCEF_MORTGAGE_Y;O;1;0,923157873
BCEF_MORTGAGE_Y;O;2;0,876863811
BCEF_MORTGAGE_Y;O;3;0,834306754
BCEF_MORTGAGE_Y;O;4;0,793434108
BCEF_MORTGAGE_Y;O;5;0,757582739
BCEF_MORTGAGE_Y;O;6;0,725431011
BCEF_MORTGAGE_Y;O;7;0,695820859
BCEF_MORTGAGE_Y;O;8;0,66971212
BCEF_MORTGAGE_Y;O;9;0,646295893
BCEF_MORTGAGE_Y;O;10;0,624853352
BCEF_MORTGAGE_Y;O;11;0,604989965
BCEF_MORTGAGE_Y;O;12;0,586528562
BCEF_MORTGAGE_Y;O;13;0,569673164
BCEF_MORTGAGE_Y;O;14;0,554326457
BCEF_MORTGAGE_Y;O;15;0,540137868
BCEF_MORTGAGE_Y;O;16;0,527021996
BCEF_MORTGAGE_Y;O;17;0,51487733
BCEF_MORTGAGE_Y;O;18;0,503588399
BCEF_MORTGAGE_Y;O;19;0,493095614
BCEF_MORTGAGE_Y;O;20;0,483279674
BCEF_MORTGAGE_Y;O;21;0,474162638
BCEF_MORTGAGE_Y;O;22;0,472731004
BCEF_MORTGAGE_Y;O;23;0,472731004
BCEF_MORTGAGE_Y;O;24;0,472731004
BCEF_MORTGAGE_Y;O;25;0,472731004
BCEF_MORTGAGE_Y;O;26;0,472731004
BCEF_MORTGAGE_Y;O;27;0,472731004
BCEF_MORTGAGE_Y;O;28;0,472731004
BCEF_MORTGAGE_Y;O;29;0,472731004
BCEF_MORTGAGE_Y;O;30;0,472731004
BCEF_MORTGAGE_Y;O;31;0,472731004
BCEF_MORTGAGE_Y;O;32;0,472731004
BCEF_MORTGAGE_Y;O;33;0,472731004
BCEF_MORTGAGE_Y;O;34;0,472731004
BCEF_MORTGAGE_Y;O;35;0,472731004
BCEF_MORTGAGE_Y;O;36;0,472731004
BCEF_MORTGAGE_Y;O;37;0,472731004
BCEF_MORTGAGE_Y;O;38;0,472731004
BCEF_MORTGAGE_Y;O;39;0,472731004
BCEF_MORTGAGE_Y;O;40;0,472731004
BCEF_MORTGAGE_Y;O;41;0,472731004
BCEF_MORTGAGE_Y;O;42;0,472731004
BCEF_MORTGAGE_Y;O;43;0,472731004
BCEF_MORTGAGE_Y;O;44;0,472731004
BCEF_MORTGAGE_Y;O;45;0,472731004
BCEF_MORTGAGE_Y;O;46;0,472731004
BCEF_MORTGAGE_Y;O;47;0,472731004
BCEF_MORTGAGE_Y;O;48;0,472731004
BCEF_MORTGAGE_Y;O;49;0,472731004
BCEF_MORTGAGE_Y;O;50;0,472731004
BCEF_MORTGAGE_Y;O;100;0,472731004
BCEF_MORTGAGE_Y;A;0;0,974373515
BCEF_MORTGAGE_Y;A;1;0,90785228
BCEF_MORTGAGE_Y;A;2;0,83937764
BCEF_MORTGAGE_Y;A;3;0,784727467
BCEF_MORTGAGE_Y;A;4;0,746283708
BCEF_MORTGAGE_Y;A;5;0,712562833
BCEF_MORTGAGE_Y;A;6;0,682321745
BCEF_MORTGAGE_Y;A;7;0,654471197
BCEF_MORTGAGE_Y;A;8;0,629913989
BCEF_MORTGAGE_Y;A;9;0,607889288
BCEF_MORTGAGE_Y;A;10;0,587720987
BCEF_MORTGAGE_Y;A;11;0,569037995
BCEF_MORTGAGE_Y;A;12;0,551673675
BCEF_MORTGAGE_Y;A;13;0,535819921
BCEF_MORTGAGE_Y;A;14;0,521385204
BCEF_MORTGAGE_Y;A;15;0,508039781
BCEF_MORTGAGE_Y;A;16;0,49570333
BCEF_MORTGAGE_Y;A;17;0,484280369
BCEF_MORTGAGE_Y;A;18;0,473662292
BCEF_MORTGAGE_Y;A;19;0,463793048
BCEF_MORTGAGE_Y;A;20;0,454560428
BCEF_MORTGAGE_Y;A;21;0,445985178
BCEF_MORTGAGE_Y;A;22;0,44463862
BCEF_MORTGAGE_Y;A;23;0,44463862
BCEF_MORTGAGE_Y;A;24;0,44463862
BCEF_MORTGAGE_Y;A;25;0,44463862
BCEF_MORTGAGE_Y;A;26;0,44463862
BCEF_MORTGAGE_Y;A;27;0,44463862
BCEF_MORTGAGE_Y;A;28;0,44463862
BCEF_MORTGAGE_Y;A;29;0,44463862
BCEF_MORTGAGE_Y;A;30;0,44463862
BCEF_MORTGAGE_Y;A;31;0,44463862
BCEF_MORTGAGE_Y;A;32;0,44463862
BCEF_MORTGAGE_Y;A;33;0,44463862
BCEF_MORTGAGE_Y;A;34;0,44463862
BCEF_MORTGAGE_Y;A;35;0,44463862
BCEF_MORTGAGE_Y;A;36;0,44463862
BCEF_MORTGAGE_Y;A;37;0,44463862
BCEF_MORTGAGE_Y;A;38;0,44463862
BCEF_MORTGAGE_Y;A;39;0,44463862
BCEF_MORTGAGE_Y;A;40;0,44463862
BCEF_MORTGAGE_Y;A;41;0,44463862
BCEF_MORTGAGE_Y;A;42;0,44463862
BCEF_MORTGAGE_Y;A;43;0,44463862
BCEF_MORTGAGE_Y;A;44;0,44463862
BCEF_MORTGAGE_Y;A;45;0,44463862
BCEF_MORTGAGE_Y;A;46;0,44463862
BCEF_MORTGAGE_Y;A;47;0,44463862
BCEF_MORTGAGE_Y;A;48;0,44463862
BCEF_MORTGAGE_Y;A;49;0,44463862
BCEF_MORTGAGE_Y;A;50;0,44463862
BCEF_MORTGAGE_Y;A;100;0,44463862
BCEF_MORTGAGE_Y;E;0;0,974373515
BCEF_MORTGAGE_Y;E;1;0,916483074
BCEF_MORTGAGE_Y;E;2;0,853006808
BCEF_MORTGAGE_Y;E;3;0,792877731
BCEF_MORTGAGE_Y;E;4;0,754034691
BCEF_MORTGAGE_Y;E;5;0,719963587
BCEF_MORTGAGE_Y;E;6;0,689408412
BCEF_MORTGAGE_Y;E;7;0,661268606
BCEF_MORTGAGE_Y;E;8;0,636456344
BCEF_MORTGAGE_Y;E;9;0,614202892
BCEF_MORTGAGE_Y;E;10;0,59382512
BCEF_MORTGAGE_Y;E;11;0,574948085
BCEF_MORTGAGE_Y;E;12;0,557403417
BCEF_MORTGAGE_Y;E;13;0,541385005
BCEF_MORTGAGE_Y;E;14;0,526800367
BCEF_MORTGAGE_Y;E;15;0,513316337
BCEF_MORTGAGE_Y;E;16;0,500851758
BCEF_MORTGAGE_Y;E;17;0,489310157
BCEF_MORTGAGE_Y;E;18;0,478581799
BCEF_MORTGAGE_Y;E;19;0,468610052
BCEF_MORTGAGE_Y;E;20;0,459281541
BCEF_MORTGAGE_Y;E;21;0,450617228
BCEF_MORTGAGE_Y;E;22;0,449256684
BCEF_MORTGAGE_Y;E;23;0,449256684
BCEF_MORTGAGE_Y;E;24;0,449256684
BCEF_MORTGAGE_Y;E;25;0,449256684
BCEF_MORTGAGE_Y;E;26;0,449256684
BCEF_MORTGAGE_Y;E;27;0,449256684
BCEF_MORTGAGE_Y;E;28;0,449256684
BCEF_MORTGAGE_Y;E;29;0,449256684
BCEF_MORTGAGE_Y;E;30;0,449256684
BCEF_MORTGAGE_Y;E;31;0,449256684
BCEF_MORTGAGE_Y;E;32;0,449256684
BCEF_MORTGAGE_Y;E;33;0,449256684
BCEF_MORTGAGE_Y;E;34;0,449256684
BCEF_MORTGAGE_Y;E;35;0,449256684
BCEF_MORTGAGE_Y;E;36;0,449256684
BCEF_MORTGAGE_Y;E;37;0,449256684
BCEF_MORTGAGE_Y;E;38;0,449256684
BCEF_MORTGAGE_Y;E;39;0,449256684
BCEF_MORTGAGE_Y;E;40;0,449256684
BCEF_MORTGAGE_Y;E;41;0,449256684
BCEF_MORTGAGE_Y;E;42;0,449256684
BCEF_MORTGAGE_Y;E;43;0,449256684
BCEF_MORTGAGE_Y;E;44;0,449256684
BCEF_MORTGAGE_Y;E;45;0,449256684
BCEF_MORTGAGE_Y;E;46;0,449256684
BCEF_MORTGAGE_Y;E;47;0,449256684
BCEF_MORTGAGE_Y;E;48;0,449256684
BCEF_MORTGAGE_Y;E;49;0,449256684
BCEF_MORTGAGE_Y;E;50;0,449256684
BCEF_MORTGAGE_Y;E;100;0,449256684
BCEF_INVEST_Y;C;0;0,987474892
BCEF_INVEST_Y;C;1;0,96338814
BCEF_INVEST_Y;C;2;0,937831185
BCEF_INVEST_Y;C;3;0,910399201
BCEF_INVEST_Y;C;4;0,881460006
BCEF_INVEST_Y;C;5;0,851448821
BCEF_INVEST_Y;C;6;0,820862944
BCEF_INVEST_Y;C;7;0,789868135
BCEF_INVEST_Y;C;8;0,759135299
BCEF_INVEST_Y;C;9;0,728909375
BCEF_INVEST_Y;C;10;0,699084257
BCEF_INVEST_Y;C;11;0,669929401
BCEF_INVEST_Y;C;12;0,641661998
BCEF_INVEST_Y;C;13;0,614649903
BCEF_INVEST_Y;C;14;0,58898751
BCEF_INVEST_Y;C;15;0,564892519
BCEF_INVEST_Y;C;16;0,542249053
BCEF_INVEST_Y;C;17;0,520830218
BCEF_INVEST_Y;C;18;0,500973924
BCEF_INVEST_Y;C;19;0,483002887
BCEF_INVEST_Y;C;20;0,467578673
BCEF_INVEST_Y;C;21;0,451736272
BCEF_INVEST_Y;C;22;0,451736272
BCEF_INVEST_Y;C;23;0,451736272
BCEF_INVEST_Y;C;24;0,451736272
BCEF_INVEST_Y;C;25;0,451736272
BCEF_INVEST_Y;C;26;0,451736272
BCEF_INVEST_Y;C;27;0,451736272
BCEF_INVEST_Y;C;28;0,451736272
BCEF_INVEST_Y;C;29;0,451736272
BCEF_INVEST_Y;C;30;0,451736272
BCEF_INVEST_Y;C;31;0,451736272
BCEF_INVEST_Y;C;32;0,451736272
BCEF_INVEST_Y;C;33;0,451736272
BCEF_INVEST_Y;C;34;0,451736272
BCEF_INVEST_Y;C;35;0,451736272
BCEF_INVEST_Y;C;36;0,451736272
BCEF_INVEST_Y;C;37;0,451736272
BCEF_INVEST_Y;C;38;0,451736272
BCEF_INVEST_Y;C;39;0,451736272
BCEF_INVEST_Y;C;40;0,451736272
BCEF_INVEST_Y;C;41;0,451736272
BCEF_INVEST_Y;C;42;0,451736272
BCEF_INVEST_Y;C;43;0,451736272
BCEF_INVEST_Y;C;44;0,451736272
BCEF_INVEST_Y;C;45;0,451736272
BCEF_INVEST_Y;C;46;0,451736272
BCEF_INVEST_Y;C;47;0,451736272
BCEF_INVEST_Y;C;48;0,451736272
BCEF_INVEST_Y;C;49;0,451736272
BCEF_INVEST_Y;C;50;0,451736272
BCEF_INVEST_Y;C;100;0,451736272
BCEF_INVEST_Y;O;0;0,987474892
BCEF_INVEST_Y;O;1;0,963873349
BCEF_INVEST_Y;O;2;0,938800961
BCEF_INVEST_Y;O;3;0,911734159
BCEF_INVEST_Y;O;4;0,882752529
BCEF_INVEST_Y;O;5;0,852697338
BCEF_INVEST_Y;O;6;0,822066611
BCEF_INVEST_Y;O;7;0,791026353
BCEF_INVEST_Y;O;8;0,760248453
BCEF_INVEST_Y;O;9;0,729978206
BCEF_INVEST_Y;O;10;0,700109355
BCEF_INVEST_Y;O;11;0,670911748
BCEF_INVEST_Y;O;12;0,642602895
BCEF_INVEST_Y;O;13;0,615551191
BCEF_INVEST_Y;O;14;0,589851168
BCEF_INVEST_Y;O;15;0,565720846
BCEF_INVEST_Y;O;16;0,543044176
BCEF_INVEST_Y;O;17;0,521593934
BCEF_INVEST_Y;O;18;0,501708524
BCEF_INVEST_Y;O;19;0,483711135
BCEF_INVEST_Y;O;20;0,468264304
BCEF_INVEST_Y;O;21;0,452398673
BCEF_INVEST_Y;O;22;0,452398673
BCEF_INVEST_Y;O;23;0,452398673
BCEF_INVEST_Y;O;24;0,452398673
BCEF_INVEST_Y;O;25;0,452398673
BCEF_INVEST_Y;O;26;0,452398673
BCEF_INVEST_Y;O;27;0,452398673
BCEF_INVEST_Y;O;28;0,452398673
BCEF_INVEST_Y;O;29;0,452398673
BCEF_INVEST_Y;O;30;0,452398673
BCEF_INVEST_Y;O;31;0,452398673
BCEF_INVEST_Y;O;32;0,452398673
BCEF_INVEST_Y;O;33;0,452398673
BCEF_INVEST_Y;O;34;0,452398673
BCEF_INVEST_Y;O;35;0,452398673
BCEF_INVEST_Y;O;36;0,452398673
BCEF_INVEST_Y;O;37;0,452398673
BCEF_INVEST_Y;O;38;0,452398673
BCEF_INVEST_Y;O;39;0,452398673
BCEF_INVEST_Y;O;40;0,452398673
BCEF_INVEST_Y;O;41;0,452398673
BCEF_INVEST_Y;O;42;0,452398673
BCEF_INVEST_Y;O;43;0,452398673
BCEF_INVEST_Y;O;44;0,452398673
BCEF_INVEST_Y;O;45;0,452398673
BCEF_INVEST_Y;O;46;0,452398673
BCEF_INVEST_Y;O;47;0,452398673
BCEF_INVEST_Y;O;48;0,452398673
BCEF_INVEST_Y;O;49;0,452398673
BCEF_INVEST_Y;O;50;0,452398673
BCEF_INVEST_Y;O;100;0,452398673
BCEF_INVEST_Y;A;0;0,987474892
BCEF_INVEST_Y;A;1;0,961509875
BCEF_INVEST_Y;A;2;0,933471546
BCEF_INVEST_Y;A;3;0,904374118
BCEF_INVEST_Y;A;4;0,875626444
BCEF_INVEST_Y;A;5;0,845813876
BCEF_INVEST_Y;A;6;0,815430418
BCEF_INVEST_Y;A;7;0,784640735
BCEF_INVEST_Y;A;8;0,754111291
BCEF_INVEST_Y;A;9;0,724085403
BCEF_INVEST_Y;A;10;0,69445767
BCEF_INVEST_Y;A;11;0,665495763
BCEF_INVEST_Y;A;12;0,637415436
BCEF_INVEST_Y;A;13;0,610582108
BCEF_INVEST_Y;A;14;0,585089551
BCEF_INVEST_Y;A;15;0,561154023
BCEF_INVEST_Y;A;16;0,538660412
BCEF_INVEST_Y;A;17;0,517383329
BCEF_INVEST_Y;A;18;0,497658445
BCEF_INVEST_Y;A;19;0,479806341
BCEF_INVEST_Y;A;20;0,464484206
BCEF_INVEST_Y;A;21;0,448746651
BCEF_INVEST_Y;A;22;0,448746651
BCEF_INVEST_Y;A;23;0,448746651
BCEF_INVEST_Y;A;24;0,448746651
BCEF_INVEST_Y;A;25;0,448746651
BCEF_INVEST_Y;A;26;0,448746651
BCEF_INVEST_Y;A;27;0,448746651
BCEF_INVEST_Y;A;28;0,448746651
BCEF_INVEST_Y;A;29;0,448746651
BCEF_INVEST_Y;A;30;0,448746651
BCEF_INVEST_Y;A;31;0,448746651
BCEF_INVEST_Y;A;32;0,448746651
BCEF_INVEST_Y;A;33;0,448746651
BCEF_INVEST_Y;A;34;0,448746651
BCEF_INVEST_Y;A;35;0,448746651
BCEF_INVEST_Y;A;36;0,448746651
BCEF_INVEST_Y;A;37;0,448746651
BCEF_INVEST_Y;A;38;0,448746651
BCEF_INVEST_Y;A;39;0,448746651
BCEF_INVEST_Y;A;40;0,448746651
BCEF_INVEST_Y;A;41;0,448746651
BCEF_INVEST_Y;A;42;0,448746651
BCEF_INVEST_Y;A;43;0,448746651
BCEF_INVEST_Y;A;44;0,448746651
BCEF_INVEST_Y;A;45;0,448746651
BCEF_INVEST_Y;A;46;0,448746651
BCEF_INVEST_Y;A;47;0,448746651
BCEF_INVEST_Y;A;48;0,448746651
BCEF_INVEST_Y;A;49;0,448746651
BCEF_INVEST_Y;A;50;0,448746651
BCEF_INVEST_Y;A;100;0,448746651
BCEF_INVEST_Y;E;0;0,987474892
BCEF_INVEST_Y;E;1;0,962665731
BCEF_INVEST_Y;E;2;0,93533285
BCEF_INVEST_Y;E;3;0,905420965
BCEF_INVEST_Y;E;4;0,876640014
BCEF_INVEST_Y;E;5;0,846792937
BCEF_INVEST_Y;E;6;0,816374309
BCEF_INVEST_Y;E;7;0,785548986
BCEF_INVEST_Y;E;8;0,754984203
BCEF_INVEST_Y;E;9;0,724923559
BCEF_INVEST_Y;E;10;0,695261531
BCEF_INVEST_Y;E;11;0,666266099
BCEF_INVEST_Y;E;12;0,638153268
BCEF_INVEST_Y;E;13;0,61128888
BCEF_INVEST_Y;E;14;0,585766814
BCEF_INVEST_Y;E;15;0,561803579
BCEF_INVEST_Y;E;16;0,539283932
BCEF_INVEST_Y;E;17;0,517982219
BCEF_INVEST_Y;E;18;0,498234503
BCEF_INVEST_Y;E;19;0,480361735
BCEF_INVEST_Y;E;20;0,465021864
BCEF_INVEST_Y;E;21;0,449266092
BCEF_INVEST_Y;E;22;0,449266092
BCEF_INVEST_Y;E;23;0,449266092
BCEF_INVEST_Y;E;24;0,449266092
BCEF_INVEST_Y;E;25;0,449266092
BCEF_INVEST_Y;E;26;0,449266092
BCEF_INVEST_Y;E;27;0,449266092
BCEF_INVEST_Y;E;28;0,449266092
BCEF_INVEST_Y;E;29;0,449266092
BCEF_INVEST_Y;E;30;0,449266092
BCEF_INVEST_Y;E;31;0,449266092
BCEF_INVEST_Y;E;32;0,449266092
BCEF_INVEST_Y;E;33;0,449266092
BCEF_INVEST_Y;E;34;0,449266092
BCEF_INVEST_Y;E;35;0,449266092
BCEF_INVEST_Y;E;36;0,449266092
BCEF_INVEST_Y;E;37;0,449266092
BCEF_INVEST_Y;E;38;0,449266092
BCEF_INVEST_Y;E;39;0,449266092
BCEF_INVEST_Y;E;40;0,449266092
BCEF_INVEST_Y;E;41;0,449266092
BCEF_INVEST_Y;E;42;0,449266092
BCEF_INVEST_Y;E;43;0,449266092
BCEF_INVEST_Y;E;44;0,449266092
BCEF_INVEST_Y;E;45;0,449266092
BCEF_INVEST_Y;E;46;0,449266092
BCEF_INVEST_Y;E;47;0,449266092
BCEF_INVEST_Y;E;48;0,449266092
BCEF_INVEST_Y;E;49;0,449266092
BCEF_INVEST_Y;E;50;0,449266092
BCEF_INVEST_Y;E;100;0,449266092
BCEF_CONSO_Y;C;0;0,951577117
BCEF_CONSO_Y;C;1;0,858931963
BCEF_CONSO_Y;C;2;0,778754797
BCEF_CONSO_Y;C;3;0,712182771
BCEF_CONSO_Y;C;4;0,658417224
BCEF_CONSO_Y;C;5;0,616161989
BCEF_CONSO_Y;C;6;0,583539577
BCEF_CONSO_Y;C;7;0,558937289
BCEF_CONSO_Y;C;8;0,540822705
BCEF_CONSO_Y;C;9;0,527752689
BCEF_CONSO_Y;C;10;0,518442174
BCEF_CONSO_Y;C;11;0,512246881
BCEF_CONSO_Y;C;12;0,508902676
BCEF_CONSO_Y;C;13;0,507038678
BCEF_CONSO_Y;C;14;0,506091282
BCEF_CONSO_Y;C;15;0,505678984
BCEF_CONSO_Y;C;16;0,505487539
BCEF_CONSO_Y;C;17;0,5054132
BCEF_CONSO_Y;C;18;0,505388509
BCEF_CONSO_Y;C;19;0,505382517
BCEF_CONSO_Y;C;20;0,505380406
BCEF_CONSO_Y;C;21;0,505379623
BCEF_CONSO_Y;C;22;0,50537954
BCEF_CONSO_Y;C;23;0,50537954
BCEF_CONSO_Y;C;24;0,50537954
BCEF_CONSO_Y;C;25;0,50537954
BCEF_CONSO_Y;C;26;0,50537954
BCEF_CONSO_Y;C;27;0,50537954
BCEF_CONSO_Y;C;28;0,50537954
BCEF_CONSO_Y;C;29;0,50537954
BCEF_CONSO_Y;C;30;0,50537954
BCEF_CONSO_Y;C;31;0,50537954
BCEF_CONSO_Y;C;32;0,50537954
BCEF_CONSO_Y;C;33;0,50537954
BCEF_CONSO_Y;C;34;0,50537954
BCEF_CONSO_Y;C;35;0,50537954
BCEF_CONSO_Y;C;36;0,50537954
BCEF_CONSO_Y;C;37;0,50537954
BCEF_CONSO_Y;C;38;0,50537954
BCEF_CONSO_Y;C;39;0,50537954
BCEF_CONSO_Y;C;40;0,50537954
BCEF_CONSO_Y;C;41;0,50537954
BCEF_CONSO_Y;C;42;0,50537954
BCEF_CONSO_Y;C;43;0,50537954
BCEF_CONSO_Y;C;44;0,50537954
BCEF_CONSO_Y;C;45;0,50537954
BCEF_CONSO_Y;C;46;0,50537954
BCEF_CONSO_Y;C;47;0,50537954
BCEF_CONSO_Y;C;48;0,50537954
BCEF_CONSO_Y;C;49;0,50537954
BCEF_CONSO_Y;C;50;0,50537954
BCEF_CONSO_Y;C;100;0,50537954
BCEF_CONSO_Y;O;0;0,951577117
BCEF_CONSO_Y;O;1;0,858931963
BCEF_CONSO_Y;O;2;0,778754797
BCEF_CONSO_Y;O;3;0,712182771
BCEF_CONSO_Y;O;4;0,658417224
BCEF_CONSO_Y;O;5;0,616161989
BCEF_CONSO_Y;O;6;0,583539577
BCEF_CONSO_Y;O;7;0,558937289
BCEF_CONSO_Y;O;8;0,540822705
BCEF_CONSO_Y;O;9;0,527752689
BCEF_CONSO_Y;O;10;0,518442174
BCEF_CONSO_Y;O;11;0,512246881
BCEF_CONSO_Y;O;12;0,508902676
BCEF_CONSO_Y;O;13;0,507038678
BCEF_CONSO_Y;O;14;0,506091282
BCEF_CONSO_Y;O;15;0,505678984
BCEF_CONSO_Y;O;16;0,505487539
BCEF_CONSO_Y;O;17;0,5054132
BCEF_CONSO_Y;O;18;0,505388509
BCEF_CONSO_Y;O;19;0,505382517
BCEF_CONSO_Y;O;20;0,505380406
BCEF_CONSO_Y;O;21;0,505379623
BCEF_CONSO_Y;O;22;0,50537954
BCEF_CONSO_Y;O;23;0,50537954
BCEF_CONSO_Y;O;24;0,50537954
BCEF_CONSO_Y;O;25;0,50537954
BCEF_CONSO_Y;O;26;0,50537954
BCEF_CONSO_Y;O;27;0,50537954
BCEF_CONSO_Y;O;28;0,50537954
BCEF_CONSO_Y;O;29;0,50537954
BCEF_CONSO_Y;O;30;0,50537954
BCEF_CONSO_Y;O;31;0,50537954
BCEF_CONSO_Y;O;32;0,50537954
BCEF_CONSO_Y;O;33;0,50537954
BCEF_CONSO_Y;O;34;0,50537954
BCEF_CONSO_Y;O;35;0,50537954
BCEF_CONSO_Y;O;36;0,50537954
BCEF_CONSO_Y;O;37;0,50537954
BCEF_CONSO_Y;O;38;0,50537954
BCEF_CONSO_Y;O;39;0,50537954
BCEF_CONSO_Y;O;40;0,50537954
BCEF_CONSO_Y;O;41;0,50537954
BCEF_CONSO_Y;O;42;0,50537954
BCEF_CONSO_Y;O;43;0,50537954
BCEF_CONSO_Y;O;44;0,50537954
BCEF_CONSO_Y;O;45;0,50537954
BCEF_CONSO_Y;O;46;0,50537954
BCEF_CONSO_Y;O;47;0,50537954
BCEF_CONSO_Y;O;48;0,50537954
BCEF_CONSO_Y;O;49;0,50537954
BCEF_CONSO_Y;O;50;0,50537954
BCEF_CONSO_Y;O;100;0,50537954
BCEF_CONSO_Y;A;0;0,951577117
BCEF_CONSO_Y;A;1;0,858931963
BCEF_CONSO_Y;A;2;0,778754797
BCEF_CONSO_Y;A;3;0,712182771
BCEF_CONSO_Y;A;4;0,658417224
BCEF_CONSO_Y;A;5;0,616161989
BCEF_CONSO_Y;A;6;0,583539577
BCEF_CONSO_Y;A;7;0,558937289
BCEF_CONSO_Y;A;8;0,540822705
BCEF_CONSO_Y;A;9;0,527752689
BCEF_CONSO_Y;A;10;0,518442174
BCEF_CONSO_Y;A;11;0,512246881
BCEF_CONSO_Y;A;12;0,508902676
BCEF_CONSO_Y;A;13;0,507038678
BCEF_CONSO_Y;A;14;0,506091282
BCEF_CONSO_Y;A;15;0,505678984
BCEF_CONSO_Y;A;16;0,505487539
BCEF_CONSO_Y;A;17;0,5054132
BCEF_CONSO_Y;A;18;0,505388509
BCEF_CONSO_Y;A;19;0,505382517
BCEF_CONSO_Y;A;20;0,505380406
BCEF_CONSO_Y;A;21;0,505379623
BCEF_CONSO_Y;A;22;0,50537954
BCEF_CONSO_Y;A;23;0,50537954
BCEF_CONSO_Y;A;24;0,50537954
BCEF_CONSO_Y;A;25;0,50537954
BCEF_CONSO_Y;A;26;0,50537954
BCEF_CONSO_Y;A;27;0,50537954
BCEF_CONSO_Y;A;28;0,50537954
BCEF_CONSO_Y;A;29;0,50537954
BCEF_CONSO_Y;A;30;0,50537954
BCEF_CONSO_Y;A;31;0,50537954
BCEF_CONSO_Y;A;32;0,50537954
BCEF_CONSO_Y;A;33;0,50537954
BCEF_CONSO_Y;A;34;0,50537954
BCEF_CONSO_Y;A;35;0,50537954
BCEF_CONSO_Y;A;36;0,50537954
BCEF_CONSO_Y;A;37;0,50537954
BCEF_CONSO_Y;A;38;0,50537954
BCEF_CONSO_Y;A;39;0,50537954
BCEF_CONSO_Y;A;40;0,50537954
BCEF_CONSO_Y;A;41;0,50537954
BCEF_CONSO_Y;A;42;0,50537954
BCEF_CONSO_Y;A;43;0,50537954
BCEF_CONSO_Y;A;44;0,50537954
BCEF_CONSO_Y;A;45;0,50537954
BCEF_CONSO_Y;A;46;0,50537954
BCEF_CONSO_Y;A;47;0,50537954
BCEF_CONSO_Y;A;48;0,50537954
BCEF_CONSO_Y;A;49;0,50537954
BCEF_CONSO_Y;A;50;0,50537954
BCEF_CONSO_Y;A;100;0,50537954
BCEF_CONSO_Y;E;0;0,951577117
BCEF_CONSO_Y;E;1;0,858931963
BCEF_CONSO_Y;E;2;0,778754797
BCEF_CONSO_Y;E;3;0,712182771
BCEF_CONSO_Y;E;4;0,658417224
BCEF_CONSO_Y;E;5;0,616161989
BCEF_CONSO_Y;E;6;0,583539577
BCEF_CONSO_Y;E;7;0,558937289
BCEF_CONSO_Y;E;8;0,540822705
BCEF_CONSO_Y;E;9;0,527752689
BCEF_CONSO_Y;E;10;0,518442174
BCEF_CONSO_Y;E;11;0,512246881
BCEF_CONSO_Y;E;12;0,508902676
BCEF_CONSO_Y;E;13;0,507038678
BCEF_CONSO_Y;E;14;0,506091282
BCEF_CONSO_Y;E;15;0,505678984
BCEF_CONSO_Y;E;16;0,505487539
BCEF_CONSO_Y;E;17;0,5054132
BCEF_CONSO_Y;E;18;0,505388509
BCEF_CONSO_Y;E;19;0,505382517
BCEF_CONSO_Y;E;20;0,505380406
BCEF_CONSO_Y;E;21;0,505379623
BCEF_CONSO_Y;E;22;0,50537954
BCEF_CONSO_Y;E;23;0,50537954
BCEF_CONSO_Y;E;24;0,50537954
BCEF_CONSO_Y;E;25;0,50537954
BCEF_CONSO_Y;E;26;0,50537954
BCEF_CONSO_Y;E;27;0,50537954
BCEF_CONSO_Y;E;28;0,50537954
BCEF_CONSO_Y;E;29;0,50537954
BCEF_CONSO_Y;E;30;0,50537954
BCEF_CONSO_Y;E;31;0,50537954
BCEF_CONSO_Y;E;32;0,50537954
BCEF_CONSO_Y;E;33;0,50537954
BCEF_CONSO_Y;E;34;0,50537954
BCEF_CONSO_Y;E;35;0,50537954
BCEF_CONSO_Y;E;36;0,50537954
BCEF_CONSO_Y;E;37;0,50537954
BCEF_CONSO_Y;E;38;0,50537954
BCEF_CONSO_Y;E;39;0,50537954
BCEF_CONSO_Y;E;40;0,50537954
BCEF_CONSO_Y;E;41;0,50537954
BCEF_CONSO_Y;E;42;0,50537954
BCEF_CONSO_Y;E;43;0,50537954
BCEF_CONSO_Y;E;44;0,50537954
BCEF_CONSO_Y;E;45;0,50537954
BCEF_CONSO_Y;E;46;0,50537954
BCEF_CONSO_Y;E;47;0,50537954
BCEF_CONSO_Y;E;48;0,50537954
BCEF_CONSO_Y;E;49;0,50537954
BCEF_CONSO_Y;E;50;0,50537954
BCEF_CONSO_Y;E;100;0,50537954
